Country,HappinessRank,HappinessScore,Economy_GDP_per_Capita,Family,HealthLifeExpectancy,Freedom,TrustGovernment_Corruption,Generosity,Dystopia_Residual,Year
Switzerland,1,7.587,1.39651,1.34951,0.94143,0.66557,0.41978,0.29678,2.51738,2015
Iceland,2,7.561,1.30232,1.40223,0.94784,0.62877,0.14145,0.4363,2.70201,2015
Denmark,3,7.527,1.32548,1.36058,0.87464,0.64938,0.48357,0.34139,2.49204,2015
Norway,4,7.522,1.459,1.33095,0.88521,0.66973,0.36503,0.34699,2.46531,2015
Canada,5,7.427,1.32629,1.32261,0.90563,0.63297,0.32957,0.45811,2.45176,2015
Finland,6,7.406,1.29025,1.31826,0.88911,0.64169,0.41372,0.23351,2.61955,2015
Netherlands,7,7.378,1.32944,1.28017,0.89284,0.61576,0.31814,0.4761,2.4657,2015
Sweden,8,7.364,1.33171,1.28907,0.91087,0.6598,0.43844,0.36262,2.37119,2015
New Zealand,9,7.286,1.25018,1.31967,0.90837,0.63938,0.42922,0.47501,2.26425,2015
Australia,10,7.284,1.33358,1.30923,0.93156,0.65124,0.35637,0.43562,2.26646,2015
Israel,11,7.278,1.22857,1.22393,0.91387,0.41319,0.07785,0.33172,3.08854,2015
Costa Rica,12,7.226,0.95578,1.23788,0.86027,0.63376,0.10583,0.25497,3.17728,2015
Austria,13,7.2,1.33723,1.29704,0.89042,0.62433,0.18676,0.33088,2.5332,2015
Mexico,14,7.187,1.02054,0.91451,0.81444,0.48181,0.21312,0.14074,3.60214,2015
United States,15,7.119,1.39451,1.24711,0.86179,0.54604,0.1589,0.40105,2.51011,2015
Brazil,16,6.983,0.98124,1.23287,0.69702,0.49049,0.17521,0.14574,3.26001,2015
Luxembourg,17,6.946,1.56391,1.21963,0.91894,0.61583,0.37798,0.28034,1.96961,2015
Ireland,18,6.94,1.33596,1.36948,0.89533,0.61777,0.28703,0.45901,1.9757,2015
Belgium,19,6.937,1.30782,1.28566,0.89667,0.5845,0.2254,0.2225,2.41484,2015
United Arab Emirates,20,6.901,1.42727,1.12575,0.80925,0.64157,0.38583,0.26428,2.24743,2015
United Kingdom,21,6.867,1.26637,1.28548,0.90943,0.59625,0.32067,0.51912,1.96994,2015
Oman,22,6.853,1.36011,1.08182,0.76276,0.63274,0.32524,0.21542,2.47489,2015
Venezuela,23,6.81,1.04424,1.25596,0.72052,0.42908,0.11069,0.05841,3.19131,2015
Singapore,24,6.798,1.52186,1.02,1.02525,0.54252,0.4921,0.31105,1.88501,2015
Panama,25,6.786,1.06353,1.1985,0.79661,0.5421,0.0927,0.24434,2.84848,2015
Germany,26,6.75,1.32792,1.29937,0.89186,0.61477,0.21843,0.28214,2.11569,2015
Chile,27,6.67,1.10715,1.12447,0.85857,0.44132,0.12869,0.33363,2.67585,2015
Qatar,28,6.611,1.69042,1.0786,0.79733,0.6404,0.52208,0.32573,1.55674,2015
France,29,6.575,1.27778,1.26038,0.94579,0.55011,0.20646,0.12332,2.21126,2015
Argentina,30,6.574,1.05351,1.24823,0.78723,0.44974,0.08484,0.11451,2.836,2015
Czech Republic,31,6.505,1.17898,1.20643,0.84483,0.46364,0.02652,0.10686,2.67782,2015
Uruguay,32,6.485,1.06166,1.2089,0.8116,0.60362,0.24558,0.2324,2.32142,2015
Colombia,33,6.477,0.91861,1.24018,0.69077,0.53466,0.0512,0.18401,2.85737,2015
Thailand,34,6.455,0.9669,1.26504,0.7385,0.55664,0.03187,0.5763,2.31945,2015
Saudi Arabia,35,6.411,1.39541,1.08393,0.72025,0.31048,0.32524,0.13706,2.43872,2015
Spain,36,6.329,1.23011,1.31379,0.95562,0.45951,0.06398,0.18227,2.12367,2015
Malta,37,6.302,1.2074,1.30203,0.88721,0.60365,0.13586,0.51752,1.6488,2015
Taiwan,38,6.298,1.29098,1.07617,0.8753,0.3974,0.08129,0.25376,2.32323,2015
Kuwait,39,6.295,1.55422,1.16594,0.72492,0.55499,0.25609,0.16228,1.87634,2015
Suriname,40,6.269,0.99534,0.972,0.6082,0.59657,0.13633,0.16991,2.79094,2015
Trinidad and Tobago,41,6.168,1.21183,1.18354,0.61483,0.55884,0.0114,0.31844,2.26882,2015
El Salvador,42,6.13,0.76454,1.02507,0.67737,0.4035,0.11776,0.10692,3.035,2015
Guatemala,43,6.123,0.74553,1.04356,0.64425,0.57733,0.09472,0.27489,2.74255,2015
Uzbekistan,44,6.003,0.63244,1.34043,0.59772,0.65821,0.30826,0.22837,2.23741,2015
Slovakia,45,5.995,1.16891,1.26999,0.78902,0.31751,0.03431,0.16893,2.24639,2015
Japan,46,5.987,1.27074,1.25712,0.99111,0.49615,0.1806,0.10705,1.68435,2015
South Korea,47,5.984,1.24461,0.95774,0.96538,0.33208,0.07857,0.18557,2.21978,2015
Ecuador,48,5.975,0.86402,0.99903,0.79075,0.48574,0.1809,0.11541,2.53942,2015
Bahrain,49,5.96,1.32376,1.21624,0.74716,0.45492,0.306,0.17362,1.73797,2015
Italy,50,5.948,1.25114,1.19777,0.95446,0.26236,0.02901,0.22823,2.02518,2015
Bolivia,51,5.89,0.68133,0.97841,0.5392,0.57414,0.088,0.20536,2.82334,2015
Moldova,52,5.889,0.59448,1.01528,0.61826,0.32818,0.01615,0.20951,3.10712,2015
Paraguay,53,5.878,0.75985,1.30477,0.66098,0.53899,0.08242,0.3424,2.18896,2015
Kazakhstan,54,5.855,1.12254,1.12241,0.64368,0.51649,0.08454,0.11827,2.24729,2015
Slovenia,55,5.848,1.18498,1.27385,0.87337,0.60855,0.03787,0.25328,1.61583,2015
Lithuania,56,5.833,1.14723,1.25745,0.73128,0.21342,0.01031,0.02641,2.44649,2015
Nicaragua,57,5.828,0.59325,1.14184,0.74314,0.55475,0.19317,0.27815,2.32407,2015
Peru,58,5.824,0.90019,0.97459,0.73017,0.41496,0.05989,0.14982,2.5945,2015
Belarus,59,5.813,1.03192,1.23289,0.73608,0.37938,0.1909,0.11046,2.1309,2015
Poland,60,5.791,1.12555,1.27948,0.77903,0.53122,0.04212,0.16759,1.86565,2015
Malaysia,61,5.77,1.12486,1.07023,0.72394,0.53024,0.10501,0.33075,1.88541,2015
Croatia,62,5.759,1.08254,0.79624,0.78805,0.25883,0.0243,0.05444,2.75414,2015
Libya,63,5.754,1.13145,1.11862,0.7038,0.41668,0.11023,0.18295,2.09066,2015
Russia,64,5.716,1.13764,1.23617,0.66926,0.36679,0.03005,0.00199,2.27394,2015
Jamaica,65,5.709,0.81038,1.15102,0.68741,0.50442,0.02299,0.2123,2.32038,2015
North Cyprus,66,5.695,1.20806,1.07008,0.92356,0.49027,0.1428,0.26169,1.59888,2015
Cyprus,67,5.689,1.20813,0.89318,0.92356,0.40672,0.06146,0.30638,1.88931,2015
Algeria,68,5.605,0.93929,1.07772,0.61766,0.28579,0.17383,0.07822,2.43209,2015
Kosovo,69,5.589,0.80148,0.81198,0.63132,0.24749,0.04741,0.2831,2.76579,2015
Turkmenistan,70,5.548,0.95847,1.22668,0.53886,0.4761,0.30844,0.16979,1.86984,2015
Mauritius,71,5.477,1.00761,0.98521,0.7095,0.56066,0.07521,0.37744,1.76145,2015
Hong Kong,72,5.474,1.38604,1.05818,1.01328,0.59608,0.37124,0.39478,0.65429,2015
Estonia,73,5.429,1.15174,1.22791,0.77361,0.44888,0.15184,0.0868,1.58782,2015
Indonesia,74,5.399,0.82827,1.08708,0.63793,0.46611,0,0.51535,1.86399,2015
Vietnam,75,5.36,0.63216,0.91226,0.74676,0.59444,0.10441,0.1686,2.20173,2015
Turkey,76,5.332,1.06098,0.94632,0.73172,0.22815,0.15746,0.12253,2.08528,2015
Kyrgyzstan,77,5.286,0.47428,1.15115,0.65088,0.43477,0.04232,0.3003,2.2327,2015
Nigeria,78,5.268,0.65435,0.90432,0.16007,0.34334,0.0403,0.27233,2.89319,2015
Bhutan,79,5.253,0.77042,1.10395,0.57407,0.53206,0.15445,0.47998,1.63794,2015
Azerbaijan,80,5.212,1.02389,0.93793,0.64045,0.3703,0.16065,0.07799,2.00073,2015
Pakistan,81,5.194,0.59543,0.41411,0.51466,0.12102,0.10464,0.33671,3.10709,2015
Jordan,82,5.192,0.90198,1.05392,0.69639,0.40661,0.14293,0.11053,1.87996,2015
Montenegro,82,5.192,0.97438,0.90557,0.72521,0.1826,0.14296,0.1614,2.10017,2015
China,84,5.14,0.89012,0.94675,0.81658,0.51697,0.02781,0.08185,1.8604,2015
Zambia,85,5.129,0.47038,0.91612,0.29924,0.48827,0.12468,0.19591,2.6343,2015
Romania,86,5.124,1.04345,0.88588,0.7689,0.35068,0.00649,0.13748,1.93129,2015
Serbia,87,5.123,0.92053,1.00964,0.74836,0.20107,0.02617,0.19231,2.025,2015
Portugal,88,5.102,1.15991,1.13935,0.87519,0.51469,0.01078,0.13719,1.26462,2015
Latvia,89,5.098,1.11312,1.09562,0.72437,0.29671,0.06332,0.18226,1.62215,2015
Philippines,90,5.073,0.70532,1.03516,0.58114,0.62545,0.12279,0.24991,1.7536,2015
Somaliland region,91,5.057,0.18847,0.95152,0.43873,0.46582,0.39928,0.50318,2.11032,2015
Morocco,92,5.013,0.73479,0.64095,0.60954,0.41691,0.08546,0.07172,2.45373,2015
Macedonia,93,5.007,0.91851,1.00232,0.73545,0.33457,0.05327,0.22359,1.73933,2015
Mozambique,94,4.971,0.08308,1.02626,0.09131,0.34037,0.15603,0.22269,3.05137,2015
Albania,95,4.959,0.87867,0.80434,0.81325,0.35733,0.06413,0.14272,1.89894,2015
Bosnia and Herzegovina,96,4.949,0.83223,0.91916,0.79081,0.09245,0.00227,0.24808,2.06367,2015
Lesotho,97,4.898,0.37545,1.04103,0.07612,0.31767,0.12504,0.16388,2.79832,2015
Dominican Republic,98,4.885,0.89537,1.17202,0.66825,0.57672,0.14234,0.21684,1.21305,2015
Laos,99,4.876,0.59066,0.73803,0.54909,0.59591,0.24249,0.42192,1.73799,2015
Mongolia,100,4.874,0.82819,1.3006,0.60268,0.43626,0.02666,0.3323,1.34759,2015
Swaziland,101,4.867,0.71206,1.07284,0.07566,0.30658,0.0306,0.18259,2.48676,2015
Greece,102,4.857,1.15406,0.92933,0.88213,0.07699,0.01397,0,1.80101,2015
Lebanon,103,4.839,1.02564,0.80001,0.83947,0.33916,0.04582,0.21854,1.57059,2015
Hungary,104,4.8,1.12094,1.20215,0.75905,0.32112,0.02758,0.128,1.24074,2015
Honduras,105,4.788,0.59532,0.95348,0.6951,0.40148,0.06825,0.23027,1.84408,2015
Tajikistan,106,4.786,0.39047,0.85563,0.57379,0.47216,0.15072,0.22974,2.11399,2015
Tunisia,107,4.739,0.88113,0.60429,0.73793,0.26268,0.06358,0.06431,2.12466,2015
Palestinian Territories,108,4.715,0.59867,0.92558,0.66015,0.24499,0.12905,0.11251,2.04384,2015
Bangladesh,109,4.694,0.39753,0.43106,0.60164,0.4082,0.12569,0.21222,2.51767,2015
Iran,110,4.686,1.0088,0.54447,0.69805,0.30033,0.05863,0.38086,1.6944,2015
Ukraine,111,4.681,0.79907,1.20278,0.6739,0.25123,0.02961,0.15275,1.5714,2015
Iraq,112,4.677,0.98549,0.81889,0.60237,0,0.13788,0.17922,1.95335,2015
South Africa,113,4.642,0.92049,1.18468,0.27688,0.33207,0.08884,0.11973,1.71956,2015
Ghana,114,4.633,0.54558,0.67954,0.40132,0.42342,0.04355,0.23087,2.30919,2015
Zimbabwe,115,4.61,0.271,1.03276,0.33475,0.25861,0.08079,0.18987,2.44191,2015
Liberia,116,4.571,0.0712,0.78968,0.34201,0.28531,0.06232,0.24362,2.77729,2015
India,117,4.565,0.64499,0.38174,0.51529,0.39786,0.08492,0.26475,2.27513,2015
Sudan,118,4.55,0.52107,1.01404,0.36878,0.10081,0.1466,0.19062,2.20857,2015
Haiti,119,4.518,0.26673,0.74302,0.38847,0.24425,0.17175,0.46187,2.24173,2015
Congo (Kinshasa),120,4.517,0,1.0012,0.09806,0.22605,0.07625,0.24834,2.86712,2015
Nepal,121,4.514,0.35997,0.86449,0.56874,0.38282,0.05907,0.32296,1.95637,2015
Ethiopia,122,4.512,0.19073,0.60406,0.44055,0.4345,0.15048,0.24325,2.44876,2015
Sierra Leone,123,4.507,0.33024,0.95571,0,0.4084,0.08786,0.21488,2.51009,2015
Mauritania,124,4.436,0.45407,0.86908,0.35874,0.24232,0.17461,0.219,2.11773,2015
Kenya,125,4.419,0.36471,0.99876,0.41435,0.42215,0.05839,0.37542,1.78555,2015
Djibouti,126,4.369,0.44025,0.59207,0.36291,0.46074,0.28105,0.18093,2.05125,2015
Armenia,127,4.35,0.76821,0.77711,0.7299,0.19847,0.039,0.07855,1.75873,2015
Botswana,128,4.332,0.99355,1.10464,0.04776,0.49495,0.12474,0.10461,1.46181,2015
Myanmar,129,4.307,0.27108,0.70905,0.48246,0.44017,0.19034,0.79588,1.41805,2015
Georgia,130,4.297,0.7419,0.38562,0.72926,0.40577,0.38331,0.05547,1.59541,2015
Malawi,131,4.292,0.01604,0.41134,0.22562,0.43054,0.06977,0.33128,2.80791,2015
Sri Lanka,132,4.271,0.83524,1.01905,0.70806,0.53726,0.09179,0.40828,0.67108,2015
Cameroon,133,4.252,0.4225,0.88767,0.23402,0.49309,0.05786,0.20618,1.95071,2015
Bulgaria,134,4.218,1.01216,1.10614,0.76649,0.30587,0.00872,0.11921,0.89991,2015
Egypt,135,4.194,0.8818,0.747,0.61712,0.17288,0.06324,0.11291,1.59927,2015
Yemen,136,4.077,0.54649,0.68093,0.40064,0.35571,0.07854,0.09131,1.92313,2015
Angola,137,4.033,0.75778,0.8604,0.16683,0.10384,0.07122,0.12344,1.94939,2015
Mali,138,3.995,0.26074,1.03526,0.20583,0.38857,0.12352,0.18798,1.79293,2015
Congo (Brazzaville),139,3.989,0.67866,0.6629,0.31051,0.41466,0.11686,0.12388,1.68135,2015
Comoros,140,3.956,0.23906,0.79273,0.36315,0.22917,0.199,0.17441,1.95812,2015
Uganda,141,3.931,0.21102,1.13299,0.33861,0.45727,0.07267,0.29066,1.42766,2015
Senegal,142,3.904,0.36498,0.97619,0.4354,0.36772,0.10713,0.20843,1.44395,2015
Gabon,143,3.896,1.06024,0.90528,0.43372,0.31914,0.11091,0.06822,0.99895,2015
Niger,144,3.845,0.0694,0.77265,0.29707,0.47692,0.15639,0.19387,1.87877,2015
Cambodia,145,3.819,0.46038,0.62736,0.61114,0.66246,0.07247,0.40359,0.98195,2015
Tanzania,146,3.781,0.2852,1.00268,0.38215,0.32878,0.05747,0.34377,1.38079,2015
Madagascar,147,3.681,0.20824,0.66801,0.46721,0.19184,0.08124,0.21333,1.851,2015
Central African Republic,148,3.678,0.0785,0,0.06699,0.48879,0.08289,0.23835,2.7223,2015
Chad,149,3.667,0.34193,0.76062,0.1501,0.23501,0.05269,0.18386,1.94296,2015
Guinea,150,3.656,0.17417,0.46475,0.24009,0.37725,0.12139,0.28657,1.99172,2015
Ivory Coast,151,3.655,0.46534,0.77115,0.15185,0.46866,0.17922,0.20165,1.41723,2015
Burkina Faso,152,3.587,0.25812,0.85188,0.27125,0.39493,0.12832,0.21747,1.46494,2015
Afghanistan,153,3.575,0.31982,0.30285,0.30335,0.23414,0.09719,0.3651,1.9521,2015
Rwanda,154,3.465,0.22208,0.7737,0.42864,0.59201,0.55191,0.22628,0.67042,2015
Benin,155,3.34,0.28665,0.35386,0.3191,0.4845,0.0801,0.1826,1.63328,2015
Syria,156,3.006,0.6632,0.47489,0.72193,0.15684,0.18906,0.47179,0.32858,2015
Burundi,157,2.905,0.0153,0.41587,0.22396,0.1185,0.10062,0.19727,1.83302,2015
Togo,158,2.839,0.20868,0.13995,0.28443,0.36453,0.10731,0.16681,1.56726,2015
Denmark,1,7.526,1.44178,1.16374,0.79504,0.57941,0.44453,0.36171,2.73939,2016
Switzerland,2,7.509,1.52733,1.14524,0.86303,0.58557,0.41203,0.28083,2.69463,2016
Iceland,3,7.501,1.42666,1.18326,0.86733,0.56624,0.14975,0.47678,2.83137,2016
Norway,4,7.498,1.57744,1.1269,0.79579,0.59609,0.35776,0.37895,2.66465,2016
Finland,5,7.413,1.40598,1.13464,0.81091,0.57104,0.41004,0.25492,2.82596,2016
Canada,6,7.404,1.44015,1.0961,0.8276,0.5737,0.31329,0.44834,2.70485,2016
Netherlands,7,7.339,1.46468,1.02912,0.81231,0.55211,0.29927,0.47416,2.70749,2016
New Zealand,8,7.334,1.36066,1.17278,0.83096,0.58147,0.41904,0.49401,2.47553,2016
Australia,9,7.313,1.44443,1.10476,0.8512,0.56837,0.32331,0.47407,2.5465,2016
Sweden,10,7.291,1.45181,1.08764,0.83121,0.58218,0.40867,0.38254,2.54734,2016
Israel,11,7.267,1.33766,0.99537,0.84917,0.36432,0.08728,0.32288,3.31029,2016
Austria,12,7.119,1.45038,1.08383,0.80565,0.54355,0.21348,0.32865,2.69343,2016
United States,13,7.104,1.50796,1.04782,0.779,0.48163,0.14868,0.41077,2.72782,2016
Costa Rica,14,7.087,1.06879,1.02152,0.76146,0.55225,0.10547,0.22553,3.35168,2016
Puerto Rico,15,7.039,1.35943,1.08113,0.77758,0.46823,0.12275,0.22202,3.0076,2016
Germany,16,6.994,1.44787,1.09774,0.81487,0.53466,0.28551,0.30452,2.50931,2016
Brazil,17,6.952,1.08754,1.03938,0.61415,0.40425,0.14166,0.15776,3.50733,2016
Belgium,18,6.929,1.42539,1.05249,0.81959,0.51354,0.26248,0.2424,2.61355,2016
Ireland,19,6.907,1.48341,1.16157,0.81455,0.54008,0.29754,0.44963,2.15988,2016
Luxembourg,20,6.871,1.69752,1.03999,0.84542,0.5487,0.35329,0.27571,2.11055,2016
Mexico,21,6.778,1.11508,0.7146,0.71143,0.37709,0.18355,0.11735,3.55906,2016
Singapore,22,6.739,1.64555,0.86758,0.94719,0.4877,0.46987,0.32706,1.99375,2016
United Kingdom,23,6.725,1.40283,1.08672,0.80991,0.50036,0.27399,0.50156,2.14999,2016
Chile,24,6.705,1.2167,0.90587,0.81883,0.37789,0.11451,0.31595,2.95505,2016
Panama,25,6.701,1.18306,0.98912,0.70835,0.48927,0.08423,0.2418,3.00559,2016
Argentina,26,6.65,1.15137,1.06612,0.69711,0.42284,0.07296,0.10989,3.12985,2016
Czech Republic,27,6.596,1.30915,1.00793,0.76376,0.41418,0.03986,0.09929,2.96211,2016
United Arab Emirates,28,6.573,1.57352,0.87114,0.72993,0.56215,0.35561,0.26591,2.21507,2016
Uruguay,29,6.545,1.18157,1.03143,0.72183,0.54388,0.21394,0.18056,2.67139,2016
Malta,30,6.488,1.30782,1.09879,0.80315,0.54994,0.17554,0.56237,1.99032,2016
Colombia,31,6.481,1.03032,1.02169,0.59659,0.44735,0.05399,0.15626,3.17471,2016
France,32,6.478,1.39488,1.00508,0.83795,0.46562,0.17808,0.1216,2.4744,2016
Thailand,33,6.474,1.0893,1.04477,0.64915,0.49553,0.02833,0.58696,2.5796,2016
Saudi Arabia,34,6.379,1.48953,0.84829,0.59267,0.37904,0.30008,0.15457,2.61482,2016
Taiwan,34,6.379,1.39729,0.92624,0.79565,0.32377,0.0663,0.25495,2.61523,2016
Qatar,36,6.375,1.82427,0.87964,0.71723,0.56679,0.48049,0.32388,1.58224,2016
Spain,37,6.361,1.34253,1.12945,0.87896,0.37545,0.06137,0.17665,2.39663,2016
Algeria,38,6.355,1.05266,0.83309,0.61804,0.21006,0.16157,0.07044,3.40904,2016
Guatemala,39,6.324,0.83454,0.87119,0.54039,0.50379,0.08701,0.28808,3.19863,2016
Suriname,40,6.269,1.09686,0.77866,0.50933,0.52234,0.12692,0.16665,3.06852,2016
Kuwait,41,6.239,1.61714,0.87758,0.63569,0.43166,0.23669,0.15965,2.28085,2016
Bahrain,42,6.218,1.44024,0.94397,0.65696,0.47375,0.25772,0.17147,2.27405,2016
Trinidad and Tobago,43,6.168,1.32572,0.98569,0.52608,0.48453,0.01241,0.31935,2.51394,2016
Venezuela,44,6.084,1.13367,1.03302,0.61904,0.19847,0.08304,0.0425,2.97468,2016
Slovakia,45,6.078,1.27973,1.08268,0.70367,0.23391,0.02947,0.13837,2.61065,2016
El Salvador,46,6.068,0.8737,0.80975,0.596,0.37269,0.10613,0.08877,3.22134,2016
Malaysia,47,6.005,1.25142,0.88025,0.62366,0.39031,0.09081,0.41474,2.35384,2016
Nicaragua,48,5.992,0.69384,0.89521,0.65213,0.46582,0.16292,0.29773,2.82428,2016
Uzbekistan,49,5.987,0.73591,1.1681,0.50163,0.60848,0.28333,0.34326,2.34638,2016
Italy,50,5.977,1.35495,1.04167,0.85102,0.18827,0.02556,0.16684,2.34918,2016
Ecuador,51,5.976,0.97306,0.85974,0.68613,0.4027,0.18037,0.10074,2.77366,2016
Belize,52,5.956,0.87616,0.68655,0.45569,0.51231,0.10771,0.23684,3.08039,2016
Japan,53,5.921,1.38007,1.06054,0.91491,0.46761,0.18985,0.10224,1.80584,2016
Kazakhstan,54,5.919,1.22943,0.95544,0.57386,0.4052,0.11132,0.15011,2.49325,2016
Moldova,55,5.897,0.69177,0.83132,0.52309,0.25202,0.01903,0.19997,3.38007,2016
Russia,56,5.856,1.23228,1.05261,0.58991,0.32682,0.03586,0.02736,2.59115,2016
Poland,57,5.835,1.24585,1.04685,0.69058,0.4519,0.055,0.14443,2.20035,2016
South Korea,57,5.835,1.35948,0.72194,0.88645,0.25168,0.07716,0.18824,2.35015,2016
Bolivia,59,5.822,0.79422,0.83779,0.4697,0.50961,0.07746,0.21698,2.91635,2016
Lithuania,60,5.813,1.2692,1.06411,0.64674,0.18929,0.0182,0.02025,2.60525,2016
Belarus,61,5.802,1.13062,1.04993,0.63104,0.29091,0.17457,0.13942,2.38582,2016
North Cyprus,62,5.771,1.31141,0.81826,0.84142,0.43596,0.16578,0.26322,1.93447,2016
Slovenia,63,5.768,1.29947,1.05613,0.79151,0.53164,0.03635,0.25738,1.79522,2016
Peru,64,5.743,0.99602,0.81255,0.62994,0.37502,0.05292,0.14527,2.73117,2016
Turkmenistan,65,5.658,1.08017,1.03817,0.44006,0.37408,0.28467,0.22567,2.21489,2016
Mauritius,66,5.648,1.14372,0.75695,0.66189,0.46145,0.05203,0.36951,2.20223,2016
Libya,67,5.615,1.06688,0.95076,0.52304,0.40672,0.10339,0.17087,2.39374,2016
Latvia,68,5.56,1.21788,0.95025,0.63952,0.27996,0.0889,0.17445,2.20859,2016
Cyprus,69,5.546,1.31857,0.70697,0.8488,0.29507,0.05228,0.27906,2.04497,2016
Paraguay,70,5.538,0.89373,1.11111,0.58295,0.46235,0.07396,0.25296,2.16091,2016
Romania,71,5.528,1.1697,0.72803,0.67602,0.36712,0.00679,0.12889,2.45184,2016
Estonia,72,5.517,1.27964,1.05163,0.68098,0.41511,0.18519,0.08423,1.81985,2016
Jamaica,73,5.51,0.89333,0.96372,0.59469,0.43597,0.04294,0.22245,2.35682,2016
Croatia,74,5.488,1.18649,0.60809,0.70524,0.23907,0.04002,0.18434,2.52462,2016
Hong Kong,75,5.458,1.5107,0.87021,0.95277,0.48079,0.31647,0.40097,0.92614,2016
Somalia,76,5.44,0,0.33613,0.11466,0.56778,0.3118,0.27225,3.83772,2016
Kosovo,77,5.401,0.90145,0.66062,0.54,0.14396,0.06547,0.27992,2.80998,2016
Turkey,78,5.389,1.16492,0.87717,0.64718,0.23889,0.12348,0.04707,2.29074,2016
Indonesia,79,5.314,0.95104,0.87625,0.49374,0.39237,0.00322,0.56521,2.03171,2016
Jordan,80,5.303,0.99673,0.86216,0.60712,0.36023,0.13297,0.14262,2.20142,2016
Azerbaijan,81,5.291,1.12373,0.76042,0.54504,0.35327,0.17914,0.0564,2.2735,2016
Philippines,82,5.279,0.81217,0.87877,0.47036,0.54854,0.11757,0.21674,2.23484,2016
China,83,5.245,1.0278,0.79381,0.73561,0.44012,0.02745,0.04959,2.17087,2016
Bhutan,84,5.196,0.8527,0.90836,0.49759,0.46074,0.1616,0.48546,1.82916,2016
Kyrgyzstan,85,5.185,0.56044,0.95434,0.55449,0.40212,0.04762,0.38432,2.28136,2016
Serbia,86,5.177,1.03437,0.81329,0.6458,0.15718,0.04339,0.20737,2.27539,2016
Bosnia and Herzegovina,87,5.163,0.93383,0.64367,0.70766,0.09511,0,0.29889,2.48406,2016
Montenegro,88,5.161,1.07838,0.74173,0.63533,0.15111,0.12721,0.17191,2.25531,2016
Dominican Republic,89,5.155,1.02787,0.99496,0.57669,0.52259,0.12372,0.21286,1.69626,2016
Morocco,90,5.151,0.84058,0.38595,0.59471,0.25646,0.08404,0.04053,2.94891,2016
Hungary,91,5.145,1.24142,0.93164,0.67608,0.1977,0.04472,0.099,1.95473,2016
Pakistan,92,5.132,0.68816,0.26135,0.40306,0.14622,0.1388,0.31185,3.18286,2016
Lebanon,93,5.129,1.12268,0.64184,0.76171,0.26228,0.03061,0.23693,2.07339,2016
Portugal,94,5.123,1.27607,0.94367,0.79363,0.44727,0.01521,0.11691,1.53015,2016
Macedonia,95,5.121,1.0193,0.78236,0.64738,0.27668,0.07047,0.23507,2.08947,2016
Vietnam,96,5.061,0.74037,0.79117,0.66157,0.55954,0.11556,0.25075,1.9418,2016
Somaliland Region,97,5.057,0.25558,0.75862,0.33108,0.3913,0.36794,0.51479,2.43801,2016
Tunisia,98,5.045,0.97724,0.43165,0.59577,0.23553,0.0817,0.03936,2.68413,2016
Greece,99,5.033,1.24886,0.75473,0.80029,0.05822,0.04127,0,2.12944,2016
Tajikistan,100,4.996,0.48835,0.75602,0.53119,0.43408,0.13509,0.25998,2.39106,2016
Mongolia,101,4.907,0.98853,1.08983,0.55469,0.35972,0.03285,0.34539,1.53586,2016
Laos,102,4.876,0.68042,0.5497,0.38291,0.52168,0.22423,0.43079,2.08637,2016
Nigeria,103,4.875,0.75216,0.64498,0.05108,0.27854,0.0305,0.23219,2.88586,2016
Honduras,104,4.871,0.69429,0.75596,0.58383,0.26755,0.06906,0.2044,2.29551,2016
Iran,105,4.813,1.11758,0.38857,0.64232,0.22544,0.0557,0.38538,1.99817,2016
Zambia,106,4.795,0.61202,0.6376,0.23573,0.42662,0.11479,0.17866,2.58991,2016
Nepal,107,4.793,0.44626,0.69699,0.50073,0.37012,0.07008,0.3816,2.32694,2016
Palestinian Territories,108,4.754,0.67024,0.71629,0.56844,0.17744,0.10613,0.11154,2.40364,2016
Albania,109,4.655,0.9553,0.50163,0.73007,0.31866,0.05301,0.1684,1.92816,2016
Bangladesh,110,4.643,0.54177,0.24749,0.52989,0.39778,0.12583,0.19132,2.60904,2016
Sierra Leone,111,4.635,0.36485,0.628,0,0.30685,0.08196,0.23897,3.01402,2016
Iraq,112,4.575,1.07474,0.59205,0.51076,0.24856,0.13636,0.19589,1.81657,2016
Namibia,113,4.574,0.93287,0.70362,0.34745,0.48614,0.10398,0.07795,1.92198,2016
Cameroon,114,4.513,0.52497,0.62542,0.12698,0.42736,0.06126,0.2268,2.5198,2016
Ethiopia,115,4.508,0.29283,0.37932,0.34578,0.36703,0.1717,0.29522,2.65614,2016
South Africa,116,4.459,1.02416,0.96053,0.18611,0.42483,0.08415,0.13656,1.64227,2016
Sri Lanka,117,4.415,0.97318,0.84783,0.62007,0.50817,0.07964,0.46978,0.91681,2016
India,118,4.404,0.74036,0.29247,0.45091,0.40285,0.08722,0.25028,2.18032,2016
Myanmar,119,4.395,0.34112,0.69981,0.3988,0.42692,0.20243,0.81971,1.50655,2016
Egypt,120,4.362,0.95395,0.49813,0.52116,0.18847,0.10393,0.12706,1.96895,2016
Armenia,121,4.36,0.86086,0.62477,0.64083,0.14037,0.03616,0.07793,1.97864,2016
Kenya,122,4.356,0.52267,0.7624,0.30147,0.40576,0.06686,0.41328,1.88326,2016
Ukraine,123,4.324,0.87287,1.01413,0.58628,0.12859,0.01829,0.20363,1.50066,2016
Ghana,124,4.276,0.63107,0.49353,0.29681,0.40973,0.0326,0.21203,2.2002,2016
Congo (Kinshasa),125,4.272,0.05661,0.80676,0.188,0.15602,0.06075,0.25458,2.74924,2016
Georgia,126,4.252,0.83792,0.19249,0.64035,0.32461,0.3188,0.06786,1.87031,2016
Congo (Brazzaville),127,4.236,0.77109,0.47799,0.28212,0.37938,0.09753,0.12077,2.10681,2016
Senegal,128,4.219,0.44314,0.77416,0.40457,0.31056,0.11681,0.19103,1.97861,2016
Bulgaria,129,4.217,1.11306,0.92542,0.67806,0.21219,0.00615,0.12793,1.15377,2016
Mauritania,130,4.201,0.61391,0.84142,0.28639,0.1268,0.17955,0.22686,1.9263,2016
Zimbabwe,131,4.193,0.35041,0.71478,0.1595,0.25429,0.08582,0.18503,2.4427,2016
Malawi,132,4.156,0.08709,0.147,0.29364,0.4143,0.07564,0.30968,2.82859,2016
Sudan,133,4.139,0.63069,0.81928,0.29759,0,0.10039,0.18077,2.10995,2016
Gabon,134,4.121,1.15851,0.72368,0.3494,0.28098,0.09314,0.06244,1.45332,2016
Mali,135,4.073,0.31292,0.86333,0.16347,0.27544,0.13647,0.21064,2.11087,2016
Haiti,136,4.028,0.34097,0.29561,0.27494,0.12072,0.14476,0.47958,2.37116,2016
Botswana,137,3.974,1.09426,0.89186,0.34752,0.44089,0.10769,0.12425,0.96741,2016
Comoros,138,3.956,0.27509,0.60323,0.29981,0.15412,0.18437,0.1827,2.25632,2016
Ivory Coast,139,3.916,0.55507,0.57576,0.04476,0.40663,0.1553,0.20338,1.97478,2016
Cambodia,140,3.907,0.55604,0.5375,0.42494,0.58852,0.08092,0.40339,1.31573,2016
Angola,141,3.866,0.84731,0.66366,0.04991,0.00589,0.08434,0.12071,2.09459,2016
Niger,142,3.856,0.1327,0.6053,0.26162,0.38041,0.17176,0.2097,2.09469,2016
South Sudan,143,3.832,0.39394,0.18519,0.15781,0.19662,0.13015,0.25899,2.50929,2016
Chad,144,3.763,0.42214,0.63178,0.03824,0.12807,0.04952,0.18667,2.30637,2016
Burkina Faso,145,3.739,0.31995,0.63054,0.21297,0.3337,0.12533,0.24353,1.87319,2016
Uganda,145,3.739,0.34719,0.90981,0.19625,0.43653,0.06442,0.27102,1.51416,2016
Yemen,147,3.724,0.57939,0.47493,0.31048,0.2287,0.05892,0.09821,1.97295,2016
Madagascar,148,3.695,0.27954,0.46115,0.37109,0.13684,0.07506,0.2204,2.15075,2016
Tanzania,149,3.666,0.47155,0.77623,0.357,0.3176,0.05099,0.31472,1.37769,2016
Liberia,150,3.622,0.10706,0.50353,0.23165,0.25748,0.04852,0.24063,2.23284,2016
Guinea,151,3.607,0.22415,0.3109,0.18829,0.30953,0.1192,0.29914,2.15604,2016
Rwanda,152,3.515,0.32846,0.61586,0.31865,0.5432,0.50521,0.23552,0.96819,2016
Benin,153,3.484,0.39499,0.10419,0.21028,0.39747,0.06681,0.2018,2.10812,2016
Afghanistan,154,3.36,0.38227,0.11037,0.17344,0.1643,0.07112,0.31268,2.14558,2016
Togo,155,3.303,0.28123,0,0.24811,0.34678,0.11587,0.17517,2.1354,2016
Syria,156,3.069,0.74719,0.14866,0.62994,0.06912,0.17233,0.48397,0.81789,2016
Burundi,157,2.905,0.06831,0.23442,0.15747,0.0432,0.09419,0.2029,2.10404,2016
Norway,1,7.537000179,1.616463184,1.53352356,0.796666503,0.635422587,0.362012237,0.315963835,2.277026653,2017
Denmark,2,7.521999836,1.482383013,1.551121593,0.792565525,0.626006722,0.355280489,0.400770068,2.313707352,2017
Iceland,3,7.504000187,1.48063302,1.610574007,0.833552122,0.627162635,0.475540221,0.153526559,2.322715282,2017
Switzerland,4,7.493999958,1.564979553,1.516911745,0.858131289,0.620070577,0.290549278,0.367007285,2.276716232,2017
Finland,5,7.468999863,1.443571925,1.540246725,0.80915767,0.617950857,0.245482773,0.382611543,2.430181503,2017
Netherlands,6,7.376999855,1.503944635,1.428939223,0.810696125,0.585384488,0.47048983,0.282661825,2.294804096,2017
Canada,7,7.315999985,1.479204416,1.481348991,0.834557652,0.611100912,0.435539722,0.287371516,2.187264442,2017
New Zealand,8,7.31400013,1.405706048,1.548195124,0.816759706,0.61406213,0.500005126,0.382816702,2.046456337,2017
Sweden,9,7.28399992,1.494387269,1.478162169,0.830875158,0.612924099,0.385399252,0.384398729,2.097537994,2017
Australia,10,7.28399992,1.484414935,1.510041952,0.843886793,0.601607382,0.47769925,0.30118373,2.065210819,2017
Israel,11,7.212999821,1.375382423,1.376289964,0.838404,0.405988604,0.330082655,0.0852421,2.801757336,2017
Costa Rica,12,7.078999996,1.109706283,1.416403651,0.759509265,0.58013165,0.214613229,0.100106589,2.898639202,2017
Austria,13,7.006000042,1.487097263,1.459944963,0.815328419,0.56776619,0.316472322,0.221060365,2.138506413,2017
United States,14,6.993000031,1.546259284,1.419920564,0.774286628,0.505740523,0.392578781,0.135638788,2.218113422,2017
Ireland,15,6.977000237,1.535706639,1.558231115,0.809782624,0.573110342,0.427858323,0.298388153,1.773869038,2017
Germany,16,6.951000214,1.487923384,1.472520351,0.798950732,0.562511384,0.33626917,0.276731938,2.015769958,2017
Belgium,17,6.890999794,1.463780761,1.462312698,0.818091869,0.539770722,0.231503338,0.251343131,2.124210358,2017
Luxembourg,18,6.862999916,1.741943598,1.457583666,0.845089495,0.596627891,0.283180982,0.318834424,1.619512081,2017
United Kingdom,19,6.714000225,1.44163394,1.49646008,0.805335939,0.508190036,0.492774159,0.265428066,1.704143524,2017
Chile,20,6.65199995,1.25278461,1.284024954,0.819479704,0.376895279,0.326662421,0.082287982,2.509585857,2017
United Arab Emirates,21,6.647999763,1.626343369,1.266410232,0.726798236,0.60834527,0.360941947,0.324489564,1.734703541,2017
Brazil,22,6.635000229,1.10735321,1.431306005,0.616552353,0.437453747,0.162349895,0.111092761,2.769267082,2017
Czech Republic,23,6.609000206,1.352682352,1.433885217,0.754444003,0.490946174,0.088106759,0.036872927,2.451861858,2017
Argentina,24,6.598999977,1.185295463,1.440451145,0.695137084,0.494519204,0.109457061,0.059739888,2.614005327,2017
Mexico,25,6.578000069,1.153183818,1.21086216,0.709978998,0.412730008,0.120990433,0.132774115,2.837154865,2017
Singapore,26,6.572000027,1.69227767,1.353814363,0.949492395,0.549840569,0.345965981,0.464307785,1.216362,2017
Malta,27,6.52699995,1.343279839,1.488411665,0.821944237,0.588767052,0.574730575,0.153066069,1.556862831,2017
Uruguay,28,6.453999996,1.217559695,1.412227869,0.719216824,0.579392254,0.175096929,0.178061873,2.172409534,2017
Guatemala,29,6.453999996,0.872001946,1.255585194,0.54023999,0.531310618,0.283488393,0.077223279,2.893891096,2017
Panama,30,6.452000141,1.233748436,1.373192549,0.706156135,0.550026834,0.210556939,0.070983924,2.307199955,2017
France,31,6.441999912,1.430923462,1.387776852,0.844465852,0.470222116,0.129762307,0.172502428,2.005954742,2017
Thailand,32,6.423999786,1.127868772,1.425792456,0.647239029,0.580200732,0.57212311,0.031612735,2.039508343,2017
Taiwan Province of China,33,6.421999931,1.433626533,1.384565353,0.793984234,0.361466587,0.258360475,0.063829236,2.126607418,2017
Spain,34,6.402999878,1.384397864,1.532090902,0.8889606,0.40878123,0.190133572,0.070914097,1.92775774,2017
Qatar,35,6.375,1.870765686,1.27429688,0.710098088,0.604130983,0.33047387,0.439299256,1.14546442,2017
Colombia,36,6.356999874,1.070622325,1.402182937,0.595027924,0.477487415,0.149014473,0.046668742,2.616068125,2017
Saudi Arabia,37,6.343999863,1.530623555,1.286677599,0.59014833,0.449750572,0.147616014,0.273432255,2.065429688,2017
Trinidad and Tobago,38,6.168000221,1.361355901,1.380228519,0.519983292,0.518630743,0.325296462,0.008964816,2.053247452,2017
Kuwait,39,6.105000019,1.632952452,1.259698749,0.632105708,0.496337593,0.228289798,0.21515955,1.640425205,2017
Slovakia,40,6.09800005,1.325393558,1.505059242,0.712732911,0.295817465,0.136544481,0.024210852,2.097776651,2017
Bahrain,41,6.086999893,1.488412261,1.323110461,0.653133035,0.536746919,0.172668487,0.25704217,1.656149387,2017
Malaysia,42,6.084000111,1.29121542,1.284646034,0.618784428,0.402264982,0.41660893,0.065600708,2.004448891,2017
Nicaragua,43,6.071000099,0.737299204,1.28721571,0.653095961,0.447551847,0.301674217,0.130687982,2.513930559,2017
Ecuador,44,6.007999897,1.000820398,1.286168814,0.685636222,0.455198199,0.150112465,0.140134647,2.290352583,2017
El Salvador,45,6.002999783,0.909784496,1.182125092,0.596018553,0.43245253,0.078257985,0.08998096,2.714593887,2017
Poland,46,5.97300005,1.291787863,1.44571197,0.699475348,0.520342112,0.158465967,0.059307806,1.797722816,2017
Uzbekistan,47,5.971000195,0.786441088,1.54896915,0.498272628,0.658248663,0.415983647,0.246528223,1.816913605,2017
Italy,48,5.964000225,1.395066619,1.444923282,0.853144348,0.256450713,0.172789648,0.028028091,1.813312054,2017
Russia,49,5.962999821,1.281778097,1.469282389,0.547349334,0.373783112,0.052263822,0.032962881,2.205607414,2017
Belize,50,5.955999851,0.907975316,1.081417799,0.450191766,0.547509372,0.240015641,0.096581072,2.631955624,2017
Japan,51,5.920000076,1.416915178,1.436337829,0.913475871,0.505625546,0.120572768,0.163760737,1.363223553,2017
Lithuania,52,5.90199995,1.314582348,1.473516107,0.62894994,0.234231785,0.010164657,0.011865643,2.228440523,2017
Algeria,53,5.872000217,1.091864467,1.146217465,0.617584646,0.233335808,0.069436647,0.14609611,2.567603827,2017
Latvia,54,5.849999905,1.260748625,1.404714942,0.638566971,0.325707912,0.153074786,0.073842727,1.993655205,2017
South Korea,55,5.837999821,1.401678443,1.128274441,0.900214076,0.257921666,0.206674367,0.063282669,1.880378008,2017
Moldova,56,5.837999821,0.72887063,1.251825571,0.589465201,0.240729049,0.208779126,0.010091286,2.807808399,2017
Romania,57,5.824999809,1.217683911,1.15009129,0.685158312,0.457003742,0.133519918,0.004387901,2.176831484,2017
Bolivia,58,5.822999954,0.833756566,1.227619052,0.47363025,0.558732927,0.225560725,0.060477726,2.443279028,2017
Turkmenistan,59,5.822000027,1.130776763,1.493149161,0.43772608,0.418271929,0.249924988,0.25927034,1.832909822,2017
Kazakhstan,60,5.818999767,1.28455627,1.384369016,0.606041551,0.437454283,0.201964423,0.119282886,1.784892559,2017
North Cyprus,61,5.809999943,1.346911311,1.186303377,0.834647238,0.471203625,0.266845703,0.155353352,1.549157619,2017
Slovenia,62,5.757999897,1.341205955,1.452518821,0.790828228,0.572575808,0.242649093,0.045128979,1.313317299,2017
Peru,63,5.715000153,1.035225272,1.218770385,0.630166113,0.450002879,0.126819715,0.047049087,2.20726943,2017
Mauritius,64,5.629000187,1.189395547,1.20956099,0.638007462,0.491247326,0.360933751,0.042181555,1.697583914,2017
Cyprus,65,5.620999813,1.355938077,1.131363273,0.844714701,0.355111539,0.271254301,0.041237976,1.621249199,2017
Estonia,66,5.611000061,1.32087934,1.4766711,0.695168316,0.47913143,0.098890811,0.183248922,1.357508659,2017
Belarus,67,5.568999767,1.15655756,1.444945216,0.637714267,0.295400262,0.155137509,0.156313822,1.723232985,2017
Libya,68,5.525000095,1.101803064,1.35756433,0.52016902,0.46573323,0.152073666,0.09261021,1.835011244,2017
Turkey,69,5.5,1.198274374,1.337753177,0.637605608,0.3007406,0.046693042,0.09967158,1.879277945,2017
Paraguay,70,5.493000031,0.932537317,1.50728488,0.579250693,0.473507792,0.224150658,0.091065913,1.68533349,2017
"Hong Kong S.A.R., China",71,5.472000122,1.551674843,1.262790918,0.943062425,0.490968645,0.374465793,0.293933749,0.554633141,2017
Philippines,72,5.429999828,0.857699215,1.253917575,0.468009055,0.585214674,0.193513423,0.099331893,1.972604752,2017
Serbia,73,5.394999981,1.069317579,1.258189797,0.650784671,0.208715528,0.220125884,0.040903781,1.947084427,2017
Jordan,74,5.335999966,0.991012394,1.239088893,0.604590058,0.418421149,0.17217046,0.119803272,1.791176558,2017
Hungary,75,5.323999882,1.286011934,1.343133092,0.687763453,0.175863519,0.078401662,0.036636937,1.716459274,2017
Jamaica,76,5.31099987,0.925579309,1.368218064,0.641022384,0.474307239,0.233818337,0.055267781,1.612325668,2017
Croatia,77,5.293000221,1.222556233,0.967983007,0.701288521,0.255772293,0.248002976,0.04310311,1.854492426,2017
Kosovo,78,5.278999805,0.951484382,1.137853503,0.54145205,0.260287941,0.319931448,0.057471618,2.010540724,2017
China,79,5.272999763,1.081165791,1.160837412,0.741415501,0.472787708,0.028806841,0.022794275,1.764938593,2017
Pakistan,80,5.269000053,0.726883531,0.67269069,0.402047783,0.235215262,0.315446019,0.124348067,2.79248929,2017
Indonesia,81,5.262000084,0.995538592,1.274444699,0.492345721,0.443323463,0.611704588,0.015317135,1.429476976,2017
Venezuela,82,5.25,1.128431201,1.431337595,0.617144227,0.153997123,0.06501963,0.064491123,1.789463758,2017
Montenegro,83,5.236999989,1.121129036,1.238376498,0.667464674,0.194989055,0.197911024,0.088174194,1.729191542,2017
Morocco,84,5.235000134,0.878114581,0.774864435,0.597710669,0.408158332,0.032209955,0.087763183,2.456189394,2017
Azerbaijan,85,5.234000206,1.153601766,1.152400255,0.540775776,0.398155838,0.04526934,0.180987507,1.762481689,2017
Dominican Republic,86,5.230000019,1.079373837,1.402416706,0.574873745,0.552589834,0.18696785,0.113945253,1.31946516,2017
Greece,87,5.227000237,1.289487481,1.239414573,0.810198903,0.095731251,0,0.043289777,1.749221563,2017
Lebanon,88,5.224999905,1.074987531,1.129624248,0.735081077,0.288515985,0.264450759,0.03751383,1.695073843,2017
Portugal,89,5.195000172,1.315175295,1.367043018,0.795843542,0.4984653,0.095102713,0.015869452,1.107682705,2017
Bosnia and Herzegovina,90,5.18200016,0.982409418,1.069335938,0.705186307,0.204403177,0.328867495,0,1.892172575,2017
Honduras,91,5.181000233,0.730573118,1.143944979,0.58256948,0.34807986,0.236188874,0.073345453,2.065811157,2017
Macedonia,92,5.175000191,1.064577937,1.207893014,0.644948184,0.325905979,0.253760964,0.060277794,1.617469311,2017
Somalia,93,5.151000023,0.022643184,0.721151352,0.113989137,0.602126956,0.291631311,0.282410324,3.11748457,2017
Vietnam,94,5.073999882,0.788547575,1.277491331,0.652168989,0.571055591,0.234968051,0.087633237,1.462318659,2017
Nigeria,95,5.073999882,0.783756256,1.215770483,0.05691573,0.394952565,0.230947196,0.026121566,2.365390539,2017
Tajikistan,96,5.040999889,0.524713635,1.271463275,0.529235125,0.471566707,0.248997644,0.146377146,1.84904933,2017
Bhutan,97,5.011000156,0.885416389,1.340126514,0.495879292,0.501537681,0.474054545,0.17338039,1.140184402,2017
Kyrgyzstan,98,5.004000187,0.596220076,1.394238591,0.553457797,0.454943389,0.428580374,0.039439179,1.536723137,2017
Nepal,99,4.961999893,0.479820192,1.179283261,0.504130781,0.440305948,0.394096166,0.072975546,1.891241074,2017
Mongolia,100,4.954999924,1.027235866,1.493011236,0.557783484,0.394143969,0.33846423,0.032902289,1.111292362,2017
South Africa,101,4.828999996,1.054698706,1.384788632,0.18708007,0.479246736,0.13936238,0.072509497,1.510908604,2017
Tunisia,102,4.804999828,1.007265806,0.86835146,0.613212049,0.28968069,0.049693357,0.086723149,1.89025116,2017
Palestinian Territories,103,4.775000095,0.716249228,1.155647159,0.565666974,0.254711062,0.114173174,0.089282602,1.878890276,2017
Egypt,104,4.735000134,0.989701807,0.997471392,0.520187259,0.282110155,0.128631443,0.114381365,1.702161074,2017
Bulgaria,105,4.714000225,1.161459088,1.434379458,0.70821768,0.289231718,0.113177694,0.011051531,0.996139288,2017
Sierra Leone,106,4.709000111,0.368420929,0.984136045,0.005564754,0.318697691,0.293040901,0.071095176,2.668459892,2017
Cameroon,107,4.695000172,0.564305365,0.946018219,0.132892117,0.430388749,0.236298457,0.051306631,2.333645582,2017
Iran,108,4.691999912,1.156873107,0.711551249,0.639333189,0.249322608,0.387242913,0.048761073,1.498734951,2017
Albania,109,4.644000053,0.996192753,0.803685248,0.731159747,0.381498635,0.201312944,0.039864216,1.490441561,2017
Bangladesh,110,4.607999802,0.586682975,0.735131741,0.533241034,0.478356659,0.172255352,0.123717859,1.978736162,2017
Namibia,111,4.573999882,0.964434326,1.098470807,0.338611811,0.520303547,0.077133745,0.093146972,1.481890202,2017
Kenya,112,4.552999973,0.560479462,1.067950726,0.30998835,0.452763766,0.444860309,0.064641319,1.651902199,2017
Mozambique,113,4.550000191,0.23430565,0.870701015,0.106654435,0.480791092,0.322228104,0.179436386,2.355650902,2017
Myanmar,114,4.545000076,0.36711055,1.123235941,0.397522569,0.514492035,0.838075161,0.188816205,1.115290403,2017
Senegal,115,4.534999847,0.479309022,1.179691911,0.409362853,0.377922267,0.183468893,0.115460448,1.789646149,2017
Zambia,116,4.513999939,0.636406779,1.003187299,0.257835895,0.461603492,0.249580145,0.07821355,1.826705456,2017
Iraq,117,4.497000217,1.102710485,0.978613198,0.50118047,0.288555533,0.199637264,0.107215755,1.318907261,2017
Gabon,118,4.465000153,1.198210239,1.155620217,0.356578588,0.312328577,0.043785378,0.076046787,1.322916269,2017
Ethiopia,119,4.460000038,0.339233845,0.864669204,0.353409708,0.408842742,0.31265074,0.165455714,2.015743732,2017
Sri Lanka,120,4.440000057,1.009850144,1.259976387,0.625130832,0.561213255,0.490863562,0.073653966,0.419389248,2017
Armenia,121,4.375999928,0.900596738,1.007483721,0.637524426,0.198303267,0.083488092,0.026674422,1.521499157,2017
India,122,4.315000057,0.792221248,0.754372597,0.455427617,0.469987005,0.231538489,0.092226885,1.519117117,2017
Mauritania,123,4.291999817,0.648457289,1.27203083,0.28534928,0.096098043,0.201870024,0.136957005,1.651637316,2017
Congo (Brazzaville),124,4.290999889,0.808964252,0.832044363,0.289957434,0.435025871,0.120852128,0.079618134,1.724135637,2017
Georgia,125,4.285999775,0.950612664,0.570614934,0.649546981,0.309410036,0.054008815,0.251666635,1.500137806,2017
Congo (Kinshasa),126,4.28000021,0.092102349,1.229023457,0.191407025,0.235961348,0.246455833,0.060241356,2.224958658,2017
Mali,127,4.190000057,0.476180494,1.281473398,0.169365674,0.306613743,0.183354199,0.104970247,1.668190956,2017
Ivory Coast,128,4.179999828,0.603048921,0.90478003,0.04864217,0.447706193,0.20123747,0.130061775,1.844964266,2017
Cambodia,129,4.168000221,0.601765096,1.006238341,0.429783404,0.633375823,0.385922968,0.068105951,1.042941093,2017
Sudan,130,4.138999939,0.659516692,1.21400857,0.290920824,0.014995855,0.182317451,0.08984752,1.68706584,2017
Ghana,131,4.119999886,0.667224824,0.873664737,0.295637727,0.423026294,0.256923944,0.02533637,1.577867508,2017
Ukraine,132,4.096000195,0.894651949,1.394537568,0.575903952,0.122974776,0.270061463,0.023029471,0.814382315,2017
Uganda,133,4.080999851,0.381430715,1.129827738,0.217632607,0.443185955,0.325766057,0.057069719,1.526362658,2017
Burkina Faso,134,4.032000065,0.350227714,1.043280005,0.215844259,0.324367851,0.250864685,0.120328106,1.727212906,2017
Niger,135,4.027999878,0.161925331,0.993025005,0.268505007,0.363658696,0.228673846,0.138572946,1.873983383,2017
Malawi,136,3.970000029,0.233442038,0.512568831,0.315089583,0.466914654,0.28717047,0.072711654,2.081786156,2017
Chad,137,3.936000109,0.438012987,0.953855872,0.041134715,0.162342027,0.21611385,0.053581882,2.071238041,2017
Zimbabwe,138,3.875,0.375846535,1.083095908,0.196763754,0.336384207,0.189143494,0.095375381,1.597970247,2017
Lesotho,139,3.808000088,0.521021247,1.190095186,0,0.390661299,0.157497272,0.11909464,1.42983532,2017
Angola,140,3.795000076,0.85842818,1.10441196,0.049868666,0,0.09792649,0.069720335,1.614482403,2017
Afghanistan,141,3.79399991,0.401477218,0.581543326,0.180746779,0.10617952,0.311870933,0.06115783,2.150801182,2017
Botswana,142,3.766000032,1.122094154,1.221554995,0.341755509,0.505196333,0.099348448,0.098583199,0.377913713,2017
Benin,143,3.657000065,0.431085408,0.435299844,0.209930211,0.425962776,0.207948461,0.060929015,1.885630965,2017
Madagascar,144,3.644000053,0.305808693,0.913020372,0.375223309,0.189196765,0.20873253,0.067231975,1.584612608,2017
Haiti,145,3.602999926,0.368610263,0.640449822,0.27732113,0.030369857,0.489203781,0.09987215,1.697167635,2017
Yemen,146,3.592999935,0.591683447,0.935382247,0.310080916,0.249463722,0.104125209,0.056767423,1.345600605,2017
South Sudan,147,3.59100008,0.397248626,0.601323128,0.163486004,0.147062436,0.285670817,0.116793513,1.879567385,2017
Liberia,148,3.532999992,0.119041793,0.872117937,0.229918197,0.332881182,0.266549885,0.038948249,1.673285961,2017
Guinea,149,3.506999969,0.24454993,0.791244686,0.194129139,0.348587513,0.264815092,0.110937618,1.552311897,2017
Togo,150,3.494999886,0.305444717,0.43188253,0.247105569,0.380426139,0.196896151,0.095665015,1.837229252,2017
Rwanda,151,3.470999956,0.368745893,0.945707023,0.326424807,0.581843853,0.252756029,0.455220014,0.540061235,2017
Syria,152,3.461999893,0.777153134,0.396102607,0.500533342,0.081539445,0.493663728,0.151347131,1.061573505,2017
Tanzania,153,3.348999977,0.511135876,1.041989803,0.364509284,0.390017778,0.354256362,0.066035107,0.621130466,2017
Burundi,154,2.904999971,0.091622569,0.629793584,0.151610792,0.059900753,0.204435185,0.084147945,1.683024168,2017
Central African Republic,155,2.693000078,0,0,0.018772686,0.270842046,0.280876487,0.056565076,2.066004753,2017
Finland,1,7.632,1.305,1.592,0.874,0.681,0.393,0.202,2.595,2018
Norway,2,7.594,1.456,1.582,0.861,0.686,0.34,0.286,2.383,2018
Denmark,3,7.555,1.351,1.59,0.868,0.683,0.408,0.284,2.37,2018
Iceland,4,7.495,1.343,1.644,0.914,0.677,0.138,0.353,2.426,2018
Switzerland,5,7.487,1.42,1.549,0.927,0.66,0.357,0.256,2.32,2018
Netherlands,6,7.441,1.361,1.488,0.878,0.638,0.295,0.333,2.448,2018
Canada,7,7.328,1.33,1.532,0.896,0.653,0.291,0.321,2.306,2018
New Zealand,8,7.324,1.268,1.601,0.876,0.669,0.389,0.365,2.156,2018
Sweden,9,7.314,1.355,1.501,0.913,0.659,0.383,0.285,2.217,2018
Australia,10,7.272,1.34,1.573,0.91,0.647,0.302,0.361,2.139,2018
United Kingdom,11,7.19,1.244,1.433,0.888,0.464,0.082,0.262,2.817,2018
Austria,12,7.139,1.341,1.504,0.891,0.617,0.224,0.242,2.319,2018
Costa Rica,13,7.072,1.01,1.459,0.817,0.632,0.101,0.143,2.911,2018
Ireland,14,6.977,1.448,1.583,0.876,0.614,0.306,0.307,1.844,2018
Germany,15,6.965,1.34,1.474,0.861,0.586,0.28,0.273,2.151,2018
Belgium,16,6.927,1.324,1.483,0.894,0.583,0.24,0.188,2.215,2018
Luxembourg,17,6.91,1.576,1.52,0.896,0.632,0.321,0.196,1.769,2018
United States,18,6.886,1.398,1.471,0.819,0.547,0.133,0.291,2.227,2018
Israel,19,6.814,1.301,1.559,0.883,0.533,0.272,0.354,1.912,2018
United Arab Emirates,20,6.774,2.096,0.776,0.67,0.284,0.3,0.186,2.096,2018
Czech Republic,21,6.711,1.233,1.489,0.854,0.543,0.034,0.064,2.494,2018
Malta,22,6.627,1.27,1.525,0.884,0.645,0.142,0.376,1.784,2018
France,23,6.489,1.293,1.466,0.908,0.52,0.176,0.098,2.028,2018
Mexico,24,6.488,1.038,1.252,0.761,0.479,0.095,0.069,2.795,2018
Chile,25,6.476,1.131,1.331,0.808,0.431,0.061,0.197,2.517,2018
Taiwan,26,6.441,1.365,1.436,0.857,0.418,0.078,0.151,2.136,2018
Panama,27,6.43,1.112,1.438,0.759,0.597,0.063,0.125,2.336,2018
Brazil,28,6.419,0.986,1.474,0.675,0.493,0.088,0.11,2.592,2018
Argentina,29,6.388,1.073,1.468,0.744,0.57,0.054,0.062,2.418,2018
Guatemala,30,6.382,0.781,1.268,0.608,0.604,0.071,0.179,2.871,2018
Uruguay,31,6.379,1.093,1.459,0.771,0.625,0.155,0.13,2.147,2018
Qatar,32,6.374,1.649,1.303,0.748,0.654,0.171,0.256,1.593,2018
Saudi Arabia,33,6.371,1.379,1.331,0.633,0.509,0.127,0.098,2.293,2018
Singapore,34,6.343,1.529,1.451,1.008,0.631,0.457,0.261,1.005,2018
Malaysia,35,6.322,1.161,1.258,0.669,0.356,0.059,0.311,2.507,2018
Spain,36,6.31,1.251,1.538,0.965,0.449,0.074,0.142,1.892,2018
Colombia,37,6.26,0.96,1.439,0.635,0.531,0.039,0.099,2.556,2018
Trinidad & Tobago,38,6.192,1.223,1.492,0.564,0.575,0.019,0.171,2.148,2018
Slovakia,39,6.173,1.21,1.537,0.776,0.354,0.014,0.118,2.165,2018
El Salvador,40,6.167,0.806,1.231,0.639,0.461,0.082,0.065,2.884,2018
Nicaragua,41,6.141,0.668,1.319,0.7,0.527,0.128,0.208,2.59,2018
Poland,42,6.123,1.176,1.448,0.781,0.546,0.064,0.108,2.002,2018
Bahrain,43,6.105,1.338,1.366,0.698,0.594,0.123,0.243,1.743,2018
Uzbekistan,44,6.096,0.719,1.584,0.605,0.724,0.259,0.328,1.877,2018
Kuwait,45,6.083,1.474,1.301,0.675,0.554,0.106,0.167,1.805,2018
Thailand,46,6.072,1.016,1.417,0.707,0.637,0.029,0.364,1.902,2018
Italy,47,6,1.264,1.501,0.946,0.281,0.028,0.137,1.843,2018
Ecuador,48,5.973,0.889,1.33,0.736,0.556,0.12,0.114,2.228,2018
Belize,49,5.956,0.807,1.101,0.474,0.593,0.089,0.183,2.71,2018
Lithuania,50,5.952,1.197,1.527,0.716,0.35,0.006,0.026,2.13,2018
Slovenia,51,5.948,1.219,1.506,0.856,0.633,0.051,0.16,1.522,2018
Romania,52,5.945,1.116,1.219,0.726,0.528,0.001,0.088,2.269,2018
Latvia,53,5.933,1.148,1.454,0.671,0.363,0.066,0.092,2.139,2018
Japan,54,5.915,1.294,1.462,0.988,0.553,0.15,0.079,1.39,2018
Mauritius,55,5.891,1.09,1.387,0.684,0.584,0.05,0.245,1.851,2018
Jamaica,56,5.89,0.819,1.493,0.693,0.575,0.031,0.096,2.182,2018
South Korea,57,5.875,1.266,1.204,0.955,0.244,0.051,0.175,1.98,2018
Northern Cyprus,58,5.835,1.229,1.211,0.909,0.495,0.154,0.179,1.659,2018
Russia,59,5.81,1.151,1.479,0.599,0.399,0.025,0.065,2.091,2018
Kazakhstan,60,5.79,1.143,1.516,0.631,0.454,0.121,0.148,1.778,2018
Cyprus,61,5.762,1.229,1.191,0.909,0.423,0.035,0.202,1.774,2018
Bolivia,62,5.752,0.751,1.223,0.508,0.606,0.054,0.141,2.469,2018
Estonia,63,5.739,1.2,1.532,0.737,0.553,0.174,0.086,1.457,2018
Paraguay,64,5.681,0.835,1.522,0.615,0.541,0.074,0.162,1.932,2018
Peru,65,5.663,0.934,1.249,0.674,0.53,0.034,0.092,2.151,2018
Kosovo,66,5.662,0.855,1.23,0.578,0.448,0.023,0.274,2.255,2018
Moldova,67,5.64,0.657,1.301,0.62,0.232,0,0.171,2.659,2018
Turkmenistan,68,5.636,1.016,1.533,0.517,0.417,0.037,0.199,1.918,2018
Hungary,69,5.62,1.171,1.401,0.732,0.259,0.022,0.061,1.974,2018
Libya,70,5.566,0.985,1.35,0.553,0.496,0.148,0.116,1.918,2018
Philippines,71,5.524,0.775,1.312,0.513,0.643,0.105,0.12,2.056,2018
Honduras,72,5.504,0.62,1.205,0.622,0.459,0.074,0.197,2.328,2018
Belarus,73,5.483,1.039,1.498,0.7,0.307,0.154,0.101,1.684,2018
Turkey,74,5.483,1.148,1.38,0.686,0.324,0.109,0.106,1.729,2018
Pakistan,75,5.472,0.652,0.81,0.424,0.334,0.113,0.216,2.923,2018
Hong Kong,76,5.43,1.405,1.29,1.03,0.524,0.291,0.246,0.644,2018
Portugal,77,5.41,1.188,1.429,0.884,0.562,0.017,0.055,1.276,2018
Serbia,78,5.398,0.975,1.369,0.685,0.288,0.043,0.134,1.905,2018
Greece,79,5.358,1.154,1.202,0.879,0.131,0.044,0,1.948,2018
Lebanon,80,5.358,0.965,1.179,0.785,0.503,0.136,0.214,2.248,2018
Montenegro,81,5.347,1.017,1.279,0.729,0.259,0.081,0.111,1.87,2018
Croatia,82,5.321,1.115,1.161,0.737,0.38,0.039,0.12,1.769,2018
Dominican Republic,83,5.302,0.982,1.441,0.614,0.578,0.106,0.12,1.461,2018
Algeria,84,5.295,0.979,1.154,0.687,0.077,0.135,0.055,2.209,2018
Morocco,85,5.254,0.779,0.797,0.669,0.46,0.074,0.026,2.448,2018
China,86,5.246,0.989,1.142,0.799,0.597,0.103,0.029,1.586,2018
Azerbaijan,87,5.201,1.024,1.161,0.603,0.43,0.176,0.031,1.776,2018
Tajikistan,88,5.199,0.474,1.166,0.598,0.292,0.034,0.187,1.771,2018
Macedonia,89,5.185,0.959,1.239,0.691,0.394,0.052,0.173,1.675,2018
Jordan,90,5.161,0.822,1.265,0.645,0.468,0.134,0.13,1.697,2018
Nigeria,91,5.155,0.689,1.172,0.048,0.462,0.032,0.201,2.552,2018
Kyrgyzstan,92,5.131,0.53,1.416,0.594,0.54,0.035,0.281,1.736,2018
Bosnia and Herzegovina,93,5.129,0.915,1.078,0.758,0.28,0,0.216,1.883,2018
Mongolia,94,5.125,0.914,1.517,0.575,0.395,0.032,0.253,1.438,2018
Vietnam,95,5.103,0.715,1.365,0.702,0.618,0.079,0.177,1.447,2018
Indonesia,96,5.093,0.899,1.215,0.522,0.538,0.018,0.484,1.417,2018
Bhutan,97,5.082,0.796,1.335,0.527,0.541,0.171,0.364,1.348,2018
Somalia,98,4.982,0,0.712,0.115,0.674,0.282,0.238,2.961,2018
Cameroon,99,4.975,0.535,0.891,0.182,0.454,0.043,0.183,2.688,2018
Bulgaria,100,4.933,1.054,1.515,0.712,0.359,0.009,0.064,1.219,2018
Nepal,101,4.88,0.425,1.228,0.539,0.526,0.078,0.302,1.782,2018
Venezuela,102,4.806,0.996,1.469,0.657,0.133,0.052,0.056,1.442,2018
Gabon,103,4.758,1.036,1.164,0.404,0.356,0.052,0.032,1.715,2018
Palestinian Territories,104,4.743,0.642,1.217,0.602,0.266,0.076,0.086,1.853,2018
South Africa,105,4.724,0.94,1.41,0.33,0.516,0.056,0.103,1.368,2018
Iran,106,4.707,1.059,0.771,0.691,0.459,0.129,0.282,1.315,2018
Ivory Coast,107,4.671,0.541,0.872,0.08,0.467,0.103,0.146,2.463,2018
Ghana,108,4.657,0.592,0.896,0.337,0.499,0.029,0.212,2.093,2018
Senegal,109,4.631,0.429,1.117,0.433,0.406,0.082,0.138,2.026,2018
Laos,110,4.623,0.72,1.034,0.441,0.626,0.174,0.23,1.399,2018
Tunisia,111,4.592,0.9,0.906,0.69,0.271,0.063,0.04,1.722,2018
Albania,112,4.586,0.916,0.817,0.79,0.419,0.032,0.149,1.462,2018
Sierra Leone,113,4.571,0.256,0.813,0,0.355,0.053,0.238,2.855,2018
Congo (Brazzaville),114,4.559,0.682,0.811,0.343,0.514,0.077,0.091,2.041,2018
Bangladesh,115,4.5,0.532,0.85,0.579,0.58,0.144,0.153,1.664,2018
Sri Lanka,116,4.471,0.918,1.314,0.672,0.585,0.05,0.307,0.624,2018
Iraq,117,4.456,1.01,0.971,0.536,0.304,0.095,0.148,1.393,2018
Mali,118,4.447,0.37,1.233,0.152,0.367,0.056,0.139,2.13,2018
Namibia,119,4.441,0.874,1.281,0.365,0.519,0.064,0.051,1.287,2018
Cambodia,120,4.433,0.549,1.088,0.457,0.696,0.065,0.256,1.321,2018
Burkina Faso,121,4.424,0.314,1.097,0.254,0.312,0.128,0.175,2.145,2018
Egypt,122,4.419,0.885,1.025,0.553,0.312,0.107,0.092,1.444,2018
Mozambique,123,4.417,0.198,0.902,0.173,0.531,0.158,0.206,2.249,2018
Kenya,124,4.41,0.493,1.048,0.454,0.504,0.055,0.352,1.503,2018
Zambia,125,4.377,0.562,1.047,0.295,0.503,0.082,0.221,1.667,2018
Mauritania,126,4.356,0.557,1.245,0.292,0.129,0.093,0.134,1.905,2018
Ethiopia,127,4.35,0.308,0.95,0.391,0.452,0.146,0.22,1.884,2018
Georgia,128,4.34,0.853,0.592,0.643,0.375,0.215,0.038,1.624,2018
Armenia,129,4.321,0.816,0.99,0.666,0.26,0.028,0.077,1.483,2018
Myanmar,130,4.308,0.682,1.174,0.429,0.58,0.178,0.598,0.667,2018
Chad,131,4.301,0.358,0.907,0.053,0.189,0.06,0.181,2.553,2018
Congo (Kinshasa),132,4.245,0.069,1.136,0.204,0.312,0.052,0.197,2.274,2018
India,133,4.19,0.721,0.747,0.485,0.539,0.093,0.172,1.432,2018
Niger,134,4.166,0.131,0.867,0.221,0.39,0.099,0.175,2.283,2018
Uganda,135,4.161,0.322,1.09,0.237,0.45,0.061,0.259,1.742,2018
Benin,136,4.141,0.378,0.372,0.24,0.44,0.067,0.163,2.481,2018
Sudan,137,4.139,0.605,1.24,0.312,0.016,0.082,0.134,1.75,2018
Ukraine,138,4.103,0.793,1.413,0.609,0.163,0.011,0.187,0.927,2018
Togo,139,3.999,0.259,0.474,0.253,0.434,0.101,0.158,2.319,2018
Guinea,140,3.964,0.344,0.792,0.211,0.394,0.094,0.185,1.943,2018
Lesotho,141,3.808,0.472,1.215,0.079,0.423,0.112,0.116,1.392,2018
Angola,142,3.795,0.73,1.125,0.269,0,0.061,0.079,1.531,2018
Madagascar,143,3.774,0.262,0.908,0.402,0.221,0.049,0.155,1.778,2018
Zimbabwe,144,3.692,0.357,1.094,0.248,0.406,0.099,0.132,1.356,2018
Afghanistan,145,3.632,0.332,0.537,0.255,0.085,0.036,0.191,2.196,2018
Botswana,146,3.59,1.017,1.174,0.417,0.557,0.092,0.042,0.292,2018
Malawi,147,3.587,0.186,0.541,0.306,0.531,0.08,0.21,1.732,2018
Haiti,148,3.582,0.315,0.714,0.289,0.025,0.104,0.392,1.744,2018
Liberia,149,3.495,0.076,0.858,0.267,0.419,0.03,0.206,1.64,2018
Syria,150,3.462,0.689,0.382,0.539,0.088,0.144,0.376,1.244,2018
Rwanda,151,3.408,0.332,0.896,0.4,0.636,0.444,0.2,0.5,2018
Yemen,152,3.355,0.442,1.073,0.343,0.244,0.064,0.083,1.106,2018
Tanzania,153,3.303,0.455,0.991,0.381,0.481,0.097,0.27,0.628,2018
South Sudan,154,3.254,0.337,0.608,0.177,0.112,0.106,0.224,1.691,2018
Central African Republic,155,3.083,0.024,0,0.01,0.305,0.038,0.218,2.487,2018
Burundi,156,2.905,0.091,0.627,0.145,0.065,0.076,0.149,1.752,2018
Finland,1,7.769,1.34,1.587,0.986,0.596,0.393,0.153,2.714,2019
Denmark,2,7.6,1.383,1.573,0.996,0.592,0.41,0.252,2.393,2019
Norway,3,7.554,1.488,1.582,1.028,0.603,0.341,0.271,2.241,2019
Iceland,4,7.494,1.38,1.624,1.026,0.591,0.118,0.354,2.401,2019
Netherlands,5,7.488,1.396,1.522,0.999,0.557,0.298,0.322,2.393,2019
Switzerland,6,7.48,1.452,1.526,1.052,0.572,0.343,0.263,2.272,2019
Sweden,7,7.343,1.387,1.487,1.009,0.574,0.373,0.267,2.246,2019
New Zealand,8,7.307,1.303,1.557,1.026,0.585,0.38,0.33,2.127,2019
Canada,9,7.278,1.365,1.505,1.039,0.584,0.308,0.285,2.193,2019
Austria,10,7.246,1.376,1.475,1.016,0.532,0.226,0.244,2.378,2019
Australia,11,7.228,1.372,1.548,1.036,0.557,0.29,0.332,2.094,2019
Costa Rica,12,7.167,1.034,1.441,0.963,0.558,0.093,0.144,2.933,2019
Israel,13,7.139,1.276,1.455,1.029,0.371,0.082,0.261,2.665,2019
Luxembourg,14,7.09,1.609,1.479,1.012,0.526,0.316,0.194,1.954,2019
United Kingdom,15,7.054,1.333,1.538,0.996,0.45,0.278,0.348,2.112,2019
Ireland,16,7.021,1.499,1.553,0.999,0.516,0.31,0.298,1.845,2019
Germany,17,6.985,1.373,1.454,0.987,0.495,0.265,0.261,2.15,2019
Belgium,18,6.923,1.356,1.504,0.986,0.473,0.21,0.16,2.235,2019
United States,19,6.892,1.433,1.457,0.874,0.454,0.128,0.28,2.266,2019
Czech Republic,20,6.852,1.269,1.487,0.92,0.457,0.036,0.046,2.636,2019
United Arab Emirates,21,6.825,1.503,1.31,0.825,0.598,0.182,0.262,2.145,2019
Malta,22,6.726,1.3,1.52,0.999,0.564,0.151,0.375,1.816,2019
Mexico,23,6.595,1.07,1.323,0.861,0.433,0.073,0.074,2.761,2019
France,24,6.592,1.324,1.472,1.045,0.436,0.183,0.111,2.021,2019
Taiwan,25,6.446,1.368,1.43,0.914,0.351,0.097,0.242,2.045,2019
Chile,26,6.444,1.159,1.369,0.92,0.357,0.056,0.187,2.397,2019
Guatemala,27,6.436,0.8,1.269,0.746,0.535,0.078,0.175,2.833,2019
Saudi Arabia,28,6.375,1.403,1.357,0.795,0.439,0.132,0.08,2.169,2019
Qatar,29,6.374,1.684,1.313,0.871,0.555,0.167,0.22,1.565,2019
Spain,30,6.354,1.286,1.484,1.062,0.362,0.079,0.153,1.929,2019
Panama,31,6.321,1.149,1.442,0.91,0.516,0.054,0.109,2.141,2019
Brazil,32,6.3,1.004,1.439,0.802,0.39,0.086,0.099,2.48,2019
Uruguay,33,6.293,1.124,1.465,0.891,0.523,0.15,0.127,2.014,2019
Singapore,34,6.262,1.572,1.463,1.141,0.556,0.453,0.271,0.807,2019
El Salvador,35,6.253,0.794,1.242,0.789,0.43,0.074,0.093,2.831,2019
Italy,36,6.223,1.294,1.488,1.039,0.231,0.03,0.158,1.984,2019
Bahrain,37,6.199,1.362,1.368,0.871,0.536,0.11,0.255,1.698,2019
Slovakia,38,6.198,1.246,1.504,0.881,0.334,0.014,0.121,2.097,2019
Trinidad & Tobago,39,6.192,1.231,1.477,0.713,0.489,0.016,0.185,2.081,2019
Poland,40,6.182,1.206,1.438,0.884,0.483,0.05,0.117,2.003,2019
Uzbekistan,41,6.174,0.745,1.529,0.756,0.631,0.24,0.322,1.951,2019
Lithuania,42,6.149,1.238,1.515,0.818,0.291,0.042,0.043,2.202,2019
Colombia,43,6.125,0.985,1.41,0.841,0.47,0.034,0.099,2.286,2019
Slovenia,44,6.118,1.258,1.523,0.953,0.564,0.057,0.144,1.618,2019
Nicaragua,45,6.105,0.694,1.325,0.835,0.435,0.127,0.2,2.49,2019
Kosovo,46,6.1,0.882,1.232,0.758,0.489,0.006,0.262,2.469,2019
Argentina,47,6.086,1.092,1.432,0.881,0.471,0.05,0.066,2.096,2019
Romania,48,6.07,1.162,1.232,0.825,0.462,0.005,0.083,2.302,2019
Cyprus,49,6.046,1.263,1.223,1.042,0.406,0.041,0.19,1.88,2019
Ecuador,50,6.028,0.912,1.312,0.868,0.498,0.087,0.126,2.225,2019
Kuwait,51,6.021,1.5,1.319,0.808,0.493,0.097,0.142,1.661,2019
Thailand,52,6.008,1.05,1.409,0.828,0.557,0.028,0.359,1.777,2019
Latvia,53,5.94,1.187,1.465,0.812,0.264,0.064,0.075,2.073,2019
South Korea,54,5.895,1.301,1.219,1.036,0.159,0.056,0.175,1.949,2019
Estonia,55,5.893,1.237,1.528,0.874,0.495,0.161,0.103,1.496,2019
Jamaica,56,5.89,0.831,1.478,0.831,0.49,0.028,0.107,2.125,2019
Mauritius,57,5.888,1.12,1.402,0.798,0.498,0.06,0.215,1.795,2019
Japan,58,5.886,1.327,1.419,1.088,0.445,0.14,0.069,1.399,2019
Honduras,59,5.86,0.642,1.236,0.828,0.507,0.078,0.246,2.323,2019
Kazakhstan,60,5.809,1.173,1.508,0.729,0.41,0.096,0.146,1.746,2019
Bolivia,61,5.779,0.776,1.209,0.706,0.511,0.064,0.137,2.376,2019
Hungary,62,5.758,1.201,1.41,0.828,0.199,0.02,0.081,2.02,2019
Paraguay,63,5.743,0.855,1.475,0.777,0.514,0.08,0.184,1.857,2019
Northern Cyprus,64,5.718,1.263,1.252,1.042,0.417,0.162,0.191,1.39,2019
Peru,65,5.697,0.96,1.274,0.854,0.455,0.027,0.083,2.044,2019
Portugal,66,5.693,1.221,1.431,0.999,0.508,0.025,0.047,1.462,2019
Pakistan,67,5.653,0.677,0.886,0.535,0.313,0.098,0.22,2.924,2019
Russia,68,5.648,1.183,1.452,0.726,0.334,0.031,0.082,1.839,2019
Philippines,69,5.631,0.807,1.293,0.657,0.558,0.107,0.117,2.092,2019
Serbia,70,5.603,1.004,1.383,0.854,0.282,0.039,0.137,1.904,2019
Moldova,71,5.529,0.685,1.328,0.739,0.245,0,0.181,2.35,2019
Libya,72,5.525,1.044,1.303,0.673,0.416,0.152,0.133,1.804,2019
Montenegro,73,5.523,1.051,1.361,0.871,0.197,0.08,0.142,1.822,2019
Tajikistan,74,5.467,0.493,1.098,0.718,0.389,0.144,0.23,2.397,2019
Croatia,75,5.432,1.155,1.266,0.914,0.296,0.022,0.119,1.66,2019
Hong Kong,76,5.43,1.438,1.277,1.122,0.44,0.287,0.258,0.609,2019
Dominican Republic,77,5.425,1.015,1.401,0.779,0.497,0.101,0.113,1.519,2019
Bosnia and Herzegovina,78,5.386,0.945,1.212,0.845,0.212,0.006,0.263,1.905,2019
Turkey,79,5.373,1.183,1.36,0.808,0.195,0.106,0.083,1.636,2019
Malaysia,80,5.339,1.221,1.171,0.828,0.508,0.024,0.26,1.326,2019
Belarus,81,5.323,1.067,1.465,0.789,0.235,0.142,0.094,1.531,2019
Greece,82,5.287,1.181,1.156,0.999,0.067,0.034,0,1.848,2019
Mongolia,83,5.285,0.948,1.531,0.667,0.317,0.038,0.235,1.55,2019
North Macedonia,84,5.274,0.983,1.294,0.838,0.345,0.034,0.185,1.595,2019
Nigeria,85,5.265,0.696,1.111,0.245,0.426,0.041,0.215,2.53,2019
Kyrgyzstan,86,5.261,0.551,1.438,0.723,0.508,0.023,0.3,1.719,2019
Turkmenistan,87,5.247,1.052,1.538,0.657,0.394,0.028,0.244,1.334,2019
Algeria,88,5.211,1.002,1.16,0.785,0.086,0.114,0.073,1.992,2019
Morocco,89,5.208,0.801,0.782,0.782,0.418,0.076,0.036,2.314,2019
Azerbaijan,90,5.208,1.043,1.147,0.769,0.351,0.182,0.035,1.68,2019
Lebanon,91,5.197,0.987,1.224,0.815,0.216,0.027,0.166,1.762,2019
Indonesia,92,5.192,0.931,1.203,0.66,0.491,0.028,0.498,1.382,2019
China,93,5.191,1.029,1.125,0.893,0.521,0.1,0.058,1.466,2019
Vietnam,94,5.175,0.741,1.346,0.851,0.543,0.073,0.147,1.474,2019
Bhutan,95,5.082,0.813,1.321,0.604,0.457,0.167,0.37,1.35,2019
Cameroon,96,5.044,0.549,0.91,0.331,0.381,0.037,0.187,2.649,2019
Bulgaria,97,5.011,1.092,1.513,0.815,0.311,0.004,0.081,1.195,2019
Ghana,98,4.996,0.611,0.868,0.486,0.381,0.04,0.245,2.367,2019
Ivory Coast,99,4.944,0.569,0.808,0.232,0.352,0.09,0.154,2.739,2019
Nepal,100,4.913,0.446,1.226,0.677,0.439,0.089,0.285,1.751,2019
Jordan,101,4.906,0.837,1.225,0.815,0.383,0.13,0.11,1.406,2019
Benin,102,4.883,0.393,0.437,0.397,0.349,0.082,0.175,3.049,2019
Congo (Brazzaville),103,4.812,0.673,0.799,0.508,0.372,0.093,0.105,2.262,2019
Gabon,104,4.799,1.057,1.183,0.571,0.295,0.055,0.043,1.596,2019
Laos,105,4.796,0.764,1.03,0.551,0.547,0.164,0.266,1.473,2019
South Africa,106,4.722,0.96,1.351,0.469,0.389,0.055,0.13,1.369,2019
Albania,107,4.719,0.947,0.848,0.874,0.383,0.027,0.178,1.461,2019
Venezuela,108,4.707,0.96,1.427,0.805,0.154,0.047,0.064,1.25,2019
Cambodia,109,4.7,0.574,1.122,0.637,0.609,0.062,0.232,1.465,2019
Palestinian Territories,110,4.696,0.657,1.247,0.672,0.225,0.066,0.103,1.727,2019
Senegal,111,4.681,0.45,1.134,0.571,0.292,0.072,0.153,2.009,2019
Somalia,112,4.668,0,0.698,0.268,0.559,0.27,0.243,2.629,2019
Namibia,113,4.639,0.879,1.313,0.477,0.401,0.056,0.07,1.443,2019
Niger,114,4.628,0.138,0.774,0.366,0.318,0.102,0.188,2.742,2019
Burkina Faso,115,4.587,0.331,1.056,0.38,0.255,0.113,0.177,2.275,2019
Armenia,116,4.559,0.85,1.055,0.815,0.283,0.064,0.095,1.398,2019
Iran,117,4.548,1.1,0.842,0.785,0.305,0.125,0.27,1.121,2019
Guinea,118,4.534,0.38,0.829,0.375,0.332,0.086,0.207,2.325,2019
Georgia,119,4.519,0.886,0.666,0.752,0.346,0.164,0.043,1.662,2019
Gambia,120,4.516,0.308,0.939,0.428,0.382,0.167,0.269,2.023,2019
Kenya,121,4.509,0.512,0.983,0.581,0.431,0.053,0.372,1.576,2019
Mauritania,122,4.49,0.57,1.167,0.489,0.066,0.088,0.106,2.005,2019
Mozambique,123,4.466,0.204,0.986,0.39,0.494,0.138,0.197,2.058,2019
Tunisia,124,4.461,0.921,1,0.815,0.167,0.055,0.059,1.444,2019
Bangladesh,125,4.456,0.562,0.928,0.723,0.527,0.143,0.166,1.406,2019
Iraq,126,4.437,1.043,0.98,0.574,0.241,0.089,0.148,1.362,2019
Congo (Kinshasa),127,4.418,0.094,1.125,0.357,0.269,0.053,0.212,2.308,2019
Mali,128,4.39,0.385,1.105,0.308,0.327,0.052,0.153,2.061,2019
Sierra Leone,129,4.374,0.268,0.841,0.242,0.309,0.045,0.252,2.416,2019
Sri Lanka,130,4.366,0.949,1.265,0.831,0.47,0.047,0.244,0.559,2019
Myanmar,131,4.36,0.71,1.181,0.555,0.525,0.172,0.566,0.652,2019
Chad,132,4.35,0.35,0.766,0.192,0.174,0.078,0.198,2.591,2019
Ukraine,133,4.332,0.82,1.39,0.739,0.178,0.01,0.187,1.008,2019
Ethiopia,134,4.286,0.336,1.033,0.532,0.344,0.1,0.209,1.731,2019
Swaziland,135,4.212,0.811,1.149,0,0.313,0.135,0.074,1.73,2019
Uganda,136,4.189,0.332,1.069,0.443,0.356,0.06,0.252,1.677,2019
Egypt,137,4.166,0.913,1.039,0.644,0.241,0.067,0.076,1.187,2019
Zambia,138,4.107,0.578,1.058,0.426,0.431,0.087,0.247,1.28,2019
Togo,139,4.085,0.275,0.572,0.41,0.293,0.085,0.177,2.273,2019
India,140,4.015,0.755,0.765,0.588,0.498,0.085,0.2,1.126,2019
Liberia,141,3.975,0.073,0.922,0.443,0.37,0.033,0.233,1.902,2019
Comoros,142,3.973,0.274,0.757,0.505,0.142,0.078,0.275,1.941,2019
Madagascar,143,3.933,0.274,0.916,0.555,0.148,0.041,0.169,1.831,2019
Lesotho,144,3.802,0.489,1.169,0.168,0.359,0.093,0.107,1.417,2019
Burundi,145,3.775,0.046,0.447,0.38,0.22,0.18,0.176,2.325,2019
Zimbabwe,146,3.663,0.366,1.114,0.433,0.361,0.089,0.151,1.149,2019
Haiti,147,3.597,0.323,0.688,0.449,0.026,0.11,0.419,1.581,2019
Botswana,148,3.488,1.041,1.145,0.538,0.455,0.1,0.025,0.183,2019
Syria,149,3.462,0.619,0.378,0.44,0.013,0.141,0.331,1.541,2019
Malawi,150,3.41,0.191,0.56,0.495,0.443,0.089,0.218,1.413,2019
Yemen,151,3.38,0.287,1.163,0.463,0.143,0.077,0.108,1.139,2019
Rwanda,152,3.334,0.359,0.711,0.614,0.555,0.411,0.217,0.467,2019
Tanzania,153,3.231,0.476,0.885,0.499,0.417,0.147,0.276,0.531,2019
Afghanistan,154,3.203,0.35,0.517,0.361,0,0.025,0.158,1.793,2019
Central African Republic,155,3.083,0.026,0,0.105,0.225,0.035,0.235,2.456,2019
South Sudan,156,2.853,0.306,0.575,0.295,0.01,0.091,0.202,1.374,2019
Finland,1,7.808700085,10.63926697,0.954329729,71.9008255,0.949172199,0.195444584,-0.059482019,2.762835026,2020
Denmark,2,7.645599842,10.77400112,0.955990791,72.40250397,0.951444268,0.168489456,0.066201776,2.432740688,2020
Switzerland,3,7.559899807,10.97993279,0.942846596,74.10244751,0.921336651,0.303728431,0.105911039,2.35026741,2020
Iceland,4,7.504499912,10.77255917,0.974669576,73,0.948891878,0.711709738,0.246944219,2.460688114,2020
Norway,5,7.487999916,11.08780384,0.952486575,73.20078278,0.955750287,0.263218194,0.13453263,2.168266296,2020
Netherlands,6,7.448900223,10.81271172,0.93913883,72.30091858,0.908547819,0.364717126,0.20761244,2.352117062,2020
Sweden,7,7.353499889,10.75879383,0.926311195,72.60076904,0.939144194,0.250880182,0.111614622,2.246299267,2020
New Zealand,8,7.299600124,10.50094318,0.949118972,73.20262909,0.936217487,0.22113885,0.191598073,2.128108025,2020
Austria,9,7.294199944,10.7428236,0.928045869,73.00250244,0.899989486,0.499954879,0.085429221,2.398446083,2020
Luxembourg,10,7.237500191,11.45068073,0.906912208,72.59999847,0.90563643,0.367084295,-0.004620588,2.153700352,2020
Canada,11,7.23210001,10.69236851,0.927176654,73.60160065,0.933913231,0.390843362,0.124770768,2.195269108,2020
Australia,12,7.222799778,10.72059631,0.944854617,73.60453796,0.915431738,0.41516912,0.19046016,2.129804134,2020
United Kingdom,13,7.164500237,10.60013485,0.93668282,72.30160522,0.834743679,0.435915917,0.263732493,2.236721992,2020
Israel,14,7.128600121,10.41752529,0.913571239,73.20025635,0.747580588,0.78085506,0.10259372,2.713358402,2020
Costa Rica,15,7.121399879,9.658156395,0.901545942,71.29985046,0.934738934,0.786332428,-0.10242971,2.953135014,2020
Ireland,16,7.093699932,11.16097832,0.942081571,72.30078888,0.886982977,0.357184172,0.145784974,1.943878174,2020
Germany,17,7.075799942,10.7328186,0.898874462,72.20201874,0.867371082,0.456422031,0.080179386,2.295249462,2020
United States,18,6.939599991,10.92576885,0.914219022,68.29949951,0.842619538,0.699715316,0.149891734,2.344124794,2020
Czech Republic,19,6.910900116,10.40416336,0.914430678,70.04793549,0.818537354,0.85844624,-0.230861515,2.796808243,2020
Belgium,20,6.863500118,10.6736393,0.911632538,72.00164795,0.813582063,0.612297952,-0.078691199,2.348626614,2020
United Arab Emirates,21,6.790800095,11.1099987,0.849181116,67.08278656,0.941345513,0.594502211,0.123450845,2.166965961,2020
Malta,22,6.772799969,10.53383827,0.93037951,72.19999695,0.924911439,0.658547282,0.214965805,1.952012062,2020
France,23,6.663799763,10.58422279,0.937103748,73.80193329,0.825467646,0.583521128,-0.130641967,2.053198338,2020
Mexico,24,6.465000153,9.797797203,0.838665426,68.29902649,0.858709276,0.806821585,-0.175266623,2.662540197,2020
Taiwan Province of China,25,6.45539999,10.77568531,0.894309103,69.59999847,0.77153033,0.73188293,-0.073198698,2.160238743,2020
Uruguay,26,6.440100193,9.948192596,0.92281127,69.00254822,0.892395437,0.635994136,-0.101103112,2.167276382,2020
Saudi Arabia,27,6.406499863,10.79781246,0.874067068,66.30514526,0.854191244,0.682619512,-0.168695062,2.203118801,2020
Spain,28,6.400899887,10.46292686,0.921125412,74.40270996,0.751989543,0.765859902,-0.050961714,1.997088432,2020
Guatemala,29,6.398900032,8.924805641,0.816621482,64.8089447,0.908147573,0.783237457,-0.042938665,2.882723093,2020
Italy,30,6.38740015,10.48183632,0.889878571,73.60168457,0.66465199,0.873404682,-0.043460999,2.249505997,2020
Singapore,31,6.377099991,11.39552116,0.910268962,76.80458069,0.926645339,0.109784193,0.029879224,0.937031746,2020
Brazil,32,6.375599861,9.56643486,0.896723807,66.48016357,0.799804807,0.770601273,-0.101812392,2.571860313,2020
Slovenia,33,6.363399982,10.39232254,0.939575672,71.1029892,0.936142623,0.817071021,-0.080603383,1.888586521,2020
El Salvador,34,6.34829998,8.909075737,0.806092262,66.10826111,0.833805263,0.754319906,-0.121072978,2.937191725,2020
Kosovo,35,6.325200081,9.204429626,0.820726514,63.88555527,0.861535907,0.922328293,0.190933764,2.736902714,2020
Panama,36,6.304800034,10.03423405,0.902094483,69.60301208,0.880366504,0.851588905,-0.153927714,2.221176147,2020
Slovakia,37,6.280600071,10.34774971,0.922493756,68.90634155,0.749952674,0.918096125,-0.124409303,2.256422043,2020
Uzbekistan,38,6.257599831,8.740371704,0.926595807,65.10757446,0.974998116,0.501497388,0.248427153,2.073346615,2020
Chile,39,6.228499889,10.0320549,0.879713595,69.90061951,0.744896293,0.838239431,-0.065668367,2.283012867,2020
Bahrain,40,6.227300167,10.67638016,0.876342118,68.5,0.905855775,0.7393471,0.13372919,1.751917362,2020
Lithuania,41,6.215499878,10.34362602,0.926107109,67.29407501,0.747381449,0.809583843,-0.219725296,2.238146067,2020
Trinidad and Tobago,42,6.191899776,10.26000214,0.91529417,63.5,0.857907116,0.912230611,0.000526841,2.190695763,2020
Poland,43,6.186299801,10.26512432,0.874257445,69.31113434,0.862055779,0.686927021,-0.205084071,2.056797981,2020
Colombia,44,6.163400173,9.500369072,0.884440243,67.69958496,0.836179912,0.86457181,-0.161235645,2.421656609,2020
Cyprus,45,6.15899992,10.40570259,0.805996239,73.70222473,0.779858291,0.856271744,0.043731496,2.032334805,2020
Nicaragua,46,6.13710022,8.493160248,0.857497036,67.50717926,0.863902867,0.665950119,0.020959141,2.496081114,2020
Romania,47,6.123700142,10.107584,0.825161517,67.20723724,0.842823207,0.934300244,-0.19781521,2.412749767,2020
Kuwait,48,6.102099895,11.08982468,0.846475244,66.76764679,0.872366488,0.760849059,-0.100184701,1.840167999,2020
Mauritius,49,6.101299763,9.956786156,0.910357833,66.40434265,0.889534533,0.805343091,-0.018318573,2.006720543,2020
Kazakhstan,50,6.057899952,10.11465836,0.934744895,64.60996246,0.811601937,0.764490843,-0.068488635,2.021602631,2020
Estonia,51,6.021800041,10.34001732,0.934729993,68.60495758,0.87770915,0.623073816,-0.111697771,1.629928112,2020
Philippines,52,6.006000042,8.993545532,0.846730053,61.92676163,0.915463448,0.733634114,-0.105463006,2.501741886,2020
Hungary,53,6.000400066,10.24924374,0.921934128,67.60997009,0.718964577,0.892916501,-0.194323018,2.121845722,2020
Thailand,54,5.998799801,9.741791725,0.889973223,67.25059509,0.905063033,0.886272311,0.268685192,1.832384109,2020
Argentina,55,5.974699974,9.810955048,0.900567949,68.80380249,0.831132412,0.842009842,-0.194913864,2.072540998,2020
Honduras,56,5.953199863,8.424534798,0.821870148,67.19876862,0.870603263,0.801131904,0.086969115,2.464295387,2020
Latvia,57,5.949999809,10.17531967,0.918288589,66.8074646,0.671237648,0.795580089,-0.186888844,2.121283054,2020
Ecuador,58,5.925199986,9.246058464,0.836418986,68.50003815,0.859828949,0.801215112,-0.127014965,2.254933834,2020
Portugal,59,5.910900116,10.26374245,0.886590719,72.40202332,0.888747811,0.892629504,-0.220714301,1.752558708,2020
Jamaica,60,5.889800072,9.006250381,0.915701866,67.09999847,0.858068526,0.888890028,-0.125106767,2.214436531,2020
South Korea,61,5.872399807,10.51056671,0.799387157,73.6027298,0.612965107,0.789067447,-0.043404032,1.946757078,2020
Japan,62,5.870800018,10.57968903,0.883545935,75.00096893,0.809961379,0.654558063,-0.246910349,1.486200333,2020
Peru,63,5.796800137,9.456313133,0.831075251,68.10023499,0.824766099,0.893714964,-0.16238822,2.213499546,2020
Serbia,64,5.77820015,9.680980682,0.881475747,68.21020508,0.726495862,0.843509018,-0.073676221,2.029040098,2020
Bolivia,65,5.747499943,8.851115227,0.803108692,63.6004715,0.875873327,0.822606206,-0.09168113,2.425928593,2020
Pakistan,66,5.69329977,8.482727051,0.689062297,58.25313568,0.734833717,0.745705426,0.04489987,2.976876736,2020
Paraguay,67,5.692100048,9.389982224,0.898727894,65.63993835,0.885923445,0.834788501,0.007997713,1.83412528,2020
Dominican Republic,68,5.689199924,9.664880753,0.882085383,65.80748749,0.866202772,0.755999923,-0.131263286,1.844246864,2020
Bosnia and Herzegovina,69,5.674099922,9.455817223,0.829204142,67.80813599,0.651352704,0.933769107,0.098274559,2.16724205,2020
Moldova,70,5.607500076,8.776714325,0.843313575,65.01301575,0.721609175,0.913314283,-0.037741039,2.370968342,2020
Tajikistan,71,5.555699825,8.024810791,0.835297108,64.10459137,0.831383407,0.592076063,-0.025088511,2.25650835,2020
Montenegro,72,5.54610014,9.751860619,0.855314612,68.50534821,0.649565637,0.783121586,-0.075600356,1.880565882,2020
Russia,73,5.546000004,10.12887192,0.903150737,64.10045624,0.729892612,0.864802599,-0.151153743,1.815716743,2020
Kyrgyzstan,74,5.541500092,8.148405075,0.887228489,64.10601044,0.909374893,0.888396084,0.154772058,2.060206652,2020
Belarus,75,5.539899826,9.779945374,0.90674746,66.10433197,0.639163077,0.63571167,-0.164926544,1.8069911,2020
North Cyprus,76,5.53550005,10.40570259,0.820356607,73.70222473,0.79529351,0.62611568,0.000227159,1.23668766,2020
Greece,77,5.514999866,10.13232613,0.814380348,72.40525818,0.541345119,0.859931409,-0.300907373,2.016179085,2020
Hong Kong S.A.R. of China,78,5.510399818,10.9346714,0.845969081,76.77170563,0.779833794,0.420607209,0.134979904,0.673293114,2020
Croatia,79,5.504700184,10.07087517,0.874623716,70.21490479,0.714838803,0.916495264,-0.128538325,1.676029205,2020
Libya,80,5.488800049,9.789815903,0.825942934,62.29999924,0.773157001,0.668779135,-0.085054487,1.888563156,2020
Mongolia,81,5.456200123,9.412186623,0.937142491,62.30448532,0.693351328,0.863511205,0.098093867,1.810527563,2020
Malaysia,82,5.384300232,10.26251888,0.816509426,67.10215759,0.894626856,0.839302301,0.114726797,1.319420815,2020
Vietnam,83,5.353499889,8.809545517,0.849987149,67.9527359,0.939592957,0.79642123,-0.094533332,1.685977936,2020
Indonesia,84,5.285600185,9.36975193,0.808379889,62.15584946,0.870614409,0.876296401,0.519586504,1.479573488,2020
Ivory Coast,85,5.233300209,8.225561142,0.658048689,49.50377274,0.727909327,0.790771961,-0.043991156,3.081022501,2020
Benin,86,5.21600008,7.674319744,0.468671143,54.31246567,0.735182583,0.740532577,-0.003537213,3.440809727,2020
Maldives,87,5.197599888,9.518632889,0.91316092,70.59999847,0.853962779,0.824211061,0.038085498,1.098674774,2020
Congo (Brazzaville),88,5.194399834,8.536987305,0.640228093,57.92448044,0.719058514,0.751779079,-0.123674095,2.722619534,2020
Azerbaijan,89,5.164800167,9.687726974,0.819308281,65.50839996,0.786824107,0.55253756,-0.240255281,1.507632971,2020
Macedonia,90,5.159800053,9.510591507,0.820392311,67.50442505,0.738840938,0.897490501,-0.019877451,1.617594957,2020
Ghana,91,5.147999763,8.350645065,0.728601098,57.20398712,0.794796526,0.847964764,0.094170853,2.378437281,2020
Nepal,92,5.137199879,7.925357342,0.785512447,63.77917862,0.797565043,0.738099158,0.154168829,2.014386892,2020
Turkey,93,5.131800175,10.12941933,0.826313555,66.90281677,0.608830452,0.748197377,-0.171046436,1.564816713,2020
China,94,5.123899937,9.688568115,0.798760593,69.2891922,0.898517907,0.7539711,-0.18142575,1.336181879,2020
Turkmenistan,95,5.119100094,9.74803257,0.958966196,62.21170807,0.826457024,0.883691847,0.187671542,1.115337372,2020
Bulgaria,96,5.101500034,9.869318962,0.937840343,66.80397797,0.745178163,0.935585141,-0.143908441,1.294961452,2020
Morocco,97,5.094799995,8.940313339,0.592628479,65.89624023,0.772072434,0.815724611,-0.240377247,2.378402472,2020
Cameroon,98,5.084899902,8.118647575,0.700386405,52.7049408,0.763051808,0.851336598,-0.00149645,2.719370842,2020
Venezuela,99,5.053199768,8.977793694,0.890408158,66.50534058,0.62327832,0.837038398,-0.169090509,1.74484086,2020
Algeria,100,5.005099773,9.537964821,0.803385139,65.90517426,0.466610909,0.735485137,-0.121105164,1.840811729,2020
Senegal,101,4.980800152,8.118982315,0.723616004,59.59915161,0.690596163,0.808785141,-0.052335154,2.405123949,2020
Guinea,102,4.949299812,7.750990391,0.637573481,54.46780014,0.706846774,0.761794448,0.076328471,2.740729809,2020
Niger,103,4.909599781,6.842166901,0.617435038,53.50009537,0.759772122,0.722530186,0.013860817,3.017630577,2020
Laos,104,4.888599873,8.79858017,0.737502217,58.70992279,0.907213569,0.634679317,0.11137148,1.621152639,2020
Albania,105,4.882699966,9.417930603,0.671070457,68.70813751,0.781994224,0.896303713,-0.042309489,1.640897036,2020
Cambodia,106,4.848400116,8.249890327,0.773080647,61.52996826,0.959704638,0.822769046,0.051911179,1.663300037,2020
Bangladesh,107,4.832799911,8.287063599,0.687292993,64.50306702,0.90062499,0.661843538,-0.033664726,1.755261898,2020
Gabon,108,4.829299927,9.680537224,0.787886858,59.71533966,0.704829216,0.849150956,-0.222261623,1.735027552,2020
South Africa,109,4.814099789,9.403370857,0.852532268,56.50601196,0.759330094,0.843423843,-0.109777324,1.625117302,2020
Iraq,110,4.784800053,9.661095619,0.747694969,59.90354919,0.633182645,0.82226181,-0.06956476,1.752173662,2020
Lebanon,111,4.771500111,9.3617239,0.824338138,67.10658264,0.551357508,0.90225625,-0.06121527,1.53554225,2020
Burkina Faso,112,4.768700123,7.46854496,0.712943614,53.88945389,0.665563583,0.739795029,-0.019080516,2.588826418,2020
Gambia,113,4.750599861,7.321814537,0.6931687,55.0120163,0.733163178,0.690717816,0.343198717,2.270216465,2020
Mali,114,4.729300022,7.629852295,0.731468976,51.72698212,0.71156615,0.839328408,-0.044366926,2.559335232,2020
Nigeria,115,4.724100113,8.57662487,0.73721689,49.86190796,0.759578407,0.861874342,0.033745807,2.219635487,2020
Armenia,116,4.676799774,9.100476265,0.757479429,66.75065613,0.712017834,0.773544788,-0.13877961,1.468161583,2020
Georgia,117,4.672599792,9.226100922,0.629033029,64.49520874,0.801641524,0.665944695,-0.22892037,1.69239831,2020
Iran,118,4.672399998,9.813719749,0.694689691,66.00614929,0.647873282,0.714635968,0.117891103,1.286969423,2020
Jordan,119,4.633399963,9.025999069,0.80216372,66.79975128,0.75104779,0.700344324,-0.162565202,1.262258053,2020
Mozambique,120,4.623600006,7.069345951,0.723874032,54.20582199,0.864451885,0.683019102,0.032375868,2.221216202,2020
Kenya,121,4.583000183,8.02977562,0.702652037,60.09693146,0.829747558,0.831499159,0.294681519,1.684904575,2020
Namibia,122,4.571100235,9.203141212,0.846880972,56.50148773,0.767520964,0.851449788,-0.18530646,1.503033161,2020
Ukraine,123,4.56069994,9.010690689,0.878879368,64.60678101,0.663081884,0.920636714,-0.030933706,1.252669334,2020
Liberia,124,4.557899952,7.054380417,0.70928055,56.09631348,0.735268712,0.856375933,0.04227322,2.386757851,2020
Palestinian Territories,125,4.552800179,8.389223099,0.825295925,62.25,0.645791829,0.824199975,-0.162079096,1.693985701,2020
Uganda,126,4.43200016,7.500389576,0.764994621,55.70820236,0.731713951,0.836737812,0.099487431,1.958671093,2020
Chad,127,4.422699928,7.467963696,0.632388055,48.22053909,0.587305248,0.802760839,0.017834719,2.74742651,2020
Tunisia,128,4.392199993,9.314972878,0.688718557,66.89785767,0.593361557,0.867590249,-0.216413811,1.528496742,2020
Mauritania,129,4.374599934,8.233919144,0.790819228,57.01017761,0.551522553,0.746223509,-0.106008142,1.85955739,2020
Sri Lanka,130,4.327000141,9.389969826,0.825374067,67.20006561,0.837633669,0.859001756,0.081129618,0.611288548,2020
Congo (Kinshasa),131,4.31099987,6.694256306,0.672159016,52.90000153,0.700793564,0.809403598,0.083637655,2.437864304,2020
Swaziland,132,4.308100224,9.16267395,0.770290196,51.18823624,0.646822274,0.708263338,-0.19920142,1.686207294,2020
Myanmar,133,4.308000088,8.680481911,0.78440702,58.96171188,0.895075202,0.645124316,0.560663998,0.681462526,2020
Comoros,134,4.288599968,7.833630085,0.625662446,57.34901047,0.547612607,0.780622602,0.090008408,2.17276907,2020
Togo,135,4.187200069,7.357711315,0.551312625,54.71989822,0.649828613,0.757733464,0.002667875,2.409595251,2020
Ethiopia,136,4.186200142,7.509385586,0.743307352,58.63959122,0.740795195,0.753690004,0.043377332,1.628459215,2020
Madagascar,137,4.165599823,7.281685829,0.668195903,59.10542679,0.557574093,0.817485631,-0.011823639,2.136298418,2020
Egypt,138,4.151400089,9.316541672,0.735447824,61.78015137,0.708354175,0.787726879,-0.196878314,1.158818245,2020
Sierra Leone,139,3.926399946,7.26880312,0.636142015,50.86514282,0.715315044,0.861330688,0.088660747,2.046271801,2020
Burundi,140,3.775300026,6.492642403,0.490325719,53.40000153,0.626350224,0.606934547,-0.017551597,2.401507378,2020
Zambia,141,3.759399891,8.224720001,0.698824465,55.29937744,0.806500256,0.801289678,0.078037128,1.134339333,2020
Haiti,142,3.720799923,7.411329269,0.593247831,55.59862518,0.537825167,0.684767246,0.40053457,1.619916916,2020
Lesotho,143,3.652800083,7.960488319,0.780495703,48.00362396,0.738125861,0.857392073,-0.145732045,1.445513964,2020
India,144,3.573299885,8.849823952,0.592200935,60.21518707,0.881444871,0.772042692,0.057551607,0.734130859,2020
Malawi,145,3.538000107,7.062226295,0.544007301,57.59288788,0.803223193,0.731700778,0.021433279,1.552718282,2020
Yemen,146,3.527400017,7.759682655,0.817980587,56.72728348,0.599920273,0.800287724,-0.157735437,1.116472721,2020
Botswana,147,3.478899956,9.711203575,0.779121757,58.92445374,0.821328104,0.777930915,-0.250394493,0.257240534,2020
Tanzania,148,3.476200104,7.967665195,0.688933194,57.49607468,0.82153976,0.619799435,0.109668687,0.718963385,2020
Central African Republic,149,3.475899935,6.625160217,0.319459856,45.20000076,0.640880644,0.891806662,0.082410358,2.860197544,2020
Rwanda,150,3.312299967,7.600104332,0.54083544,61.09884644,0.900589406,0.183541179,0.055483952,0.548444986,2020
Zimbabwe,151,3.299200058,7.865711689,0.763092756,55.61725998,0.711457908,0.81023699,-0.072063953,0.841031075,2020
South Sudan,152,2.816600084,7.425359726,0.553707123,51,0.451313615,0.763417304,0.016518548,1.378751278,2020
Afghanistan,153,2.566900015,7.462860584,0.470366955,52.59000015,0.396573007,0.933686554,-0.0964294,1.507235646,2020
Finland,1,7.842,10.775,0.954,72,0.949,0.186,-0.098,3.253,2021
Denmark,2,7.62,10.933,0.954,72.7,0.946,0.179,0.03,2.868,2021
Switzerland,3,7.571,11.117,0.942,74.4,0.919,0.292,0.025,2.839,2021
Iceland,4,7.554,10.878,0.983,73,0.955,0.673,0.16,2.967,2021
Netherlands,5,7.464,10.932,0.942,72.4,0.913,0.338,0.175,2.798,2021
Norway,6,7.392,11.053,0.954,73.3,0.96,0.27,0.093,2.58,2021
Sweden,7,7.363,10.867,0.934,72.7,0.945,0.237,0.086,2.683,2021
Luxembourg,8,7.324,11.647,0.908,72.6,0.907,0.386,-0.034,2.653,2021
New Zealand,9,7.277,10.643,0.948,73.4,0.929,0.242,0.134,2.612,2021
Austria,10,7.268,10.906,0.934,73.3,0.908,0.481,0.042,2.784,2021
Australia,11,7.183,10.796,0.94,73.9,0.914,0.442,0.159,2.598,2021
Israel,12,7.157,10.575,0.939,73.503,0.8,0.753,0.031,3.083,2021
Germany,13,7.155,10.873,0.903,72.5,0.875,0.46,0.011,2.824,2021
Canada,14,7.103,10.776,0.926,73.8,0.915,0.415,0.089,2.585,2021
Ireland,15,7.085,11.342,0.947,72.4,0.879,0.363,0.077,2.384,2021
Costa Rica,16,7.069,9.88,0.891,71.4,0.934,0.809,-0.126,3.387,2021
United Kingdom,17,7.064,10.707,0.934,72.5,0.859,0.459,0.233,2.596,2021
Czech Republic,18,6.965,10.556,0.947,70.807,0.858,0.868,-0.208,3.124,2021
United States,19,6.951,11.023,0.92,68.2,0.837,0.698,0.098,2.807,2021
Belgium,20,6.834,10.823,0.906,72.199,0.783,0.646,-0.153,2.862,2021
France,21,6.69,10.704,0.942,74,0.822,0.571,-0.147,2.521,2021
Bahrain,22,6.647,10.669,0.862,69.495,0.925,0.722,0.089,2.631,2021
Malta,23,6.602,10.674,0.931,72.2,0.927,0.653,0.133,2.268,2021
Taiwan Province of China,24,6.584,10.871,0.898,69.6,0.784,0.721,-0.07,2.687,2021
United Arab Emirates,25,6.561,11.085,0.844,67.333,0.932,0.589,0.074,2.422,2021
Saudi Arabia,26,6.494,10.743,0.891,66.603,0.877,0.684,-0.149,2.668,2021
Spain,27,6.491,10.571,0.932,74.7,0.761,0.745,-0.081,2.513,2021
Italy,28,6.483,10.623,0.88,73.8,0.693,0.866,-0.084,2.794,2021
Slovenia,29,6.461,10.529,0.948,71.4,0.949,0.806,-0.101,2.388,2021
Guatemala,30,6.435,9.053,0.813,64.958,0.906,0.775,-0.038,3.375,2021
Uruguay,31,6.431,9.966,0.925,69.1,0.896,0.59,-0.092,2.6,2021
Singapore,32,6.377,11.488,0.915,76.953,0.927,0.082,-0.018,1.379,2021
Kosovo,33,6.372,9.318,0.821,63.813,0.869,0.917,0.257,3.182,2021
Slovakia,34,6.331,10.369,0.936,69.201,0.766,0.911,-0.124,2.714,2021
Brazil,35,6.33,9.577,0.882,66.601,0.804,0.756,-0.071,3.015,2021
Mexico,36,6.317,9.859,0.831,68.597,0.862,0.799,-0.147,2.961,2021
Jamaica,37,6.309,9.186,0.877,67.5,0.89,0.884,-0.137,3.135,2021
Lithuania,38,6.255,10.499,0.935,67.906,0.773,0.826,-0.203,2.624,2021
Cyprus,39,6.223,10.576,0.802,73.898,0.763,0.844,-0.015,2.578,2021
Estonia,40,6.189,10.481,0.941,68.8,0.909,0.527,-0.106,2.103,2021
Panama,41,6.18,10.35,0.896,69.652,0.872,0.856,-0.166,2.509,2021
Uzbekistan,42,6.179,8.836,0.918,65.255,0.97,0.515,0.311,2.477,2021
Chile,43,6.172,10.071,0.882,70,0.742,0.83,-0.044,2.682,2021
Poland,44,6.166,10.382,0.898,69.702,0.841,0.735,-0.165,2.438,2021
Kazakhstan,45,6.152,10.155,0.952,65.2,0.853,0.733,-0.069,2.446,2021
Romania,46,6.14,10.284,0.832,67.355,0.845,0.938,-0.219,2.83,2021
Kuwait,47,6.106,10.817,0.843,66.9,0.867,0.736,-0.104,2.368,2021
Serbia,48,6.078,9.787,0.873,68.6,0.778,0.835,0.002,2.682,2021
El Salvador,49,6.061,9.054,0.762,66.402,0.888,0.688,-0.11,3.085,2021
Mauritius,50,6.049,10.008,0.905,66.701,0.867,0.789,-0.054,2.462,2021
Latvia,51,6.032,10.315,0.927,67.1,0.715,0.8,-0.162,2.536,2021
Colombia,52,6.012,9.557,0.847,68.001,0.837,0.841,-0.135,2.794,2021
Hungary,53,5.992,10.358,0.943,68,0.755,0.876,-0.186,2.432,2021
Thailand,54,5.985,9.805,0.888,67.401,0.884,0.895,0.287,2.309,2021
Nicaragua,55,5.972,8.62,0.864,67.657,0.836,0.664,0.02,2.841,2021
Japan,56,5.94,10.611,0.884,75.1,0.796,0.638,-0.258,2.048,2021
Argentina,57,5.929,9.962,0.898,69,0.828,0.834,-0.182,2.461,2021
Portugal,58,5.929,10.421,0.879,72.6,0.892,0.887,-0.244,2.225,2021
Honduras,59,5.919,8.648,0.812,67.3,0.857,0.809,0.081,2.934,2021
Croatia,60,5.882,10.217,0.924,70.799,0.754,0.939,-0.118,2.325,2021
Philippines,61,5.88,9.076,0.83,62,0.917,0.742,-0.097,2.872,2021
South Korea,62,5.845,10.651,0.799,73.9,0.672,0.727,-0.083,2.262,2021
Peru,63,5.84,9.458,0.832,68.25,0.822,0.891,-0.154,2.744,2021
Bosnia and Herzegovina,64,5.813,9.59,0.87,68.098,0.706,0.931,0.113,2.583,2021
Moldova,65,5.766,9.454,0.857,65.699,0.822,0.918,-0.079,2.665,2021
Ecuador,66,5.764,9.313,0.821,68.8,0.842,0.843,-0.124,2.653,2021
Kyrgyzstan,67,5.744,8.538,0.893,64.401,0.935,0.908,0.119,2.648,2021
Greece,68,5.723,10.279,0.823,72.6,0.582,0.823,-0.288,2.561,2021
Bolivia,69,5.716,9.046,0.81,63.901,0.875,0.839,-0.077,2.805,2021
Mongolia,70,5.677,9.4,0.935,62.5,0.708,0.856,0.116,2.492,2021
Paraguay,71,5.653,9.448,0.893,65.9,0.876,0.882,0.028,2.306,2021
Montenegro,72,5.581,9.94,0.858,68.699,0.708,0.812,-0.034,2.254,2021
Dominican Republic,73,5.545,9.802,0.853,66.102,0.86,0.714,-0.133,2.178,2021
North Cyprus,74,5.536,10.576,0.82,73.898,0.795,0.626,0.012,1.653,2021
Belarus,75,5.534,9.853,0.91,66.253,0.65,0.627,-0.18,2.247,2021
Russia,76,5.477,10.189,0.903,64.703,0.718,0.845,-0.111,2.148,2021
Hong Kong S.A.R. of China,77,5.477,11,0.836,76.82,0.717,0.403,0.067,1.236,2021
Tajikistan,78,5.466,8.091,0.86,64.281,0.832,0.553,-0.056,2.619,2021
Vietnam,79,5.411,8.973,0.85,68.034,0.94,0.796,-0.098,2.211,2021
Libya,80,5.41,9.622,0.827,62.3,0.771,0.667,-0.087,2.331,2021
Malaysia,81,5.384,10.238,0.817,67.102,0.895,0.839,0.125,1.784,2021
Indonesia,82,5.345,9.365,0.811,62.236,0.873,0.867,0.542,1.987,2021
Congo (Brazzaville),83,5.342,8.117,0.636,58.221,0.695,0.745,-0.068,3.476,2021
China,84,5.339,9.673,0.811,69.593,0.904,0.755,-0.146,1.982,2021
Ivory Coast,85,5.306,8.551,0.644,50.114,0.741,0.794,-0.016,3.469,2021
Armenia,86,5.283,9.487,0.799,67.055,0.825,0.629,-0.168,2.127,2021
Nepal,87,5.269,8.12,0.774,64.233,0.782,0.727,0.152,2.642,2021
Bulgaria,88,5.266,10.016,0.931,67,0.788,0.932,-0.096,1.823,2021
Maldives,89,5.198,9.826,0.913,70.6,0.854,0.825,0.024,1.52,2021
Azerbaijan,90,5.171,9.569,0.836,65.656,0.814,0.506,-0.223,1.919,2021
Cameroon,91,5.142,8.189,0.71,53.515,0.731,0.848,0.026,3.195,2021
Senegal,92,5.132,8.118,0.71,59.802,0.695,0.801,-0.046,3.071,2021
Albania,93,5.117,9.52,0.697,68.999,0.785,0.901,-0.03,2.25,2021
North Macedonia,94,5.101,9.693,0.805,65.474,0.751,0.905,0.038,2.042,2021
Ghana,95,5.088,8.58,0.727,57.586,0.807,0.848,0.123,2.684,2021
Niger,96,5.074,7.098,0.641,53.78,0.806,0.693,0.018,3.47,2021
Turkmenistan,97,5.066,9.629,0.983,62.409,0.877,0.888,0.273,1.409,2021
Gambia,98,5.051,7.686,0.69,55.16,0.697,0.746,0.424,2.99,2021
Benin,99,5.045,8.087,0.489,54.713,0.757,0.661,-0.034,3.482,2021
Laos,100,5.03,8.947,0.728,58.968,0.91,0.658,0.123,2.204,2021
Bangladesh,101,5.025,8.454,0.693,64.8,0.877,0.682,-0.041,2.427,2021
Guinea,102,4.984,7.838,0.639,55.008,0.697,0.766,0.095,3.216,2021
South Africa,103,4.956,9.403,0.86,56.904,0.749,0.86,-0.067,2.187,2021
Turkey,104,4.948,10.24,0.822,67.199,0.576,0.776,-0.139,1.852,2021
Pakistan,105,4.934,8.458,0.651,58.709,0.726,0.787,0.098,2.784,2021
Morocco,106,4.918,8.903,0.56,66.208,0.774,0.801,-0.236,2.749,2021
Venezuela,107,4.892,9.073,0.861,66.7,0.615,0.827,-0.169,2.135,2021
Georgia,108,4.891,9.585,0.671,64.3,0.783,0.655,-0.238,2.191,2021
Algeria,109,4.887,9.342,0.802,66.005,0.48,0.752,-0.067,2.242,2021
Ukraine,110,4.875,9.436,0.888,64.902,0.724,0.924,-0.011,1.813,2021
Iraq,111,4.854,9.24,0.746,60.583,0.63,0.875,-0.053,2.429,2021
Gabon,112,4.852,9.603,0.776,59.962,0.731,0.84,-0.2,2.201,2021
Burkina Faso,113,4.834,7.678,0.672,54.151,0.695,0.748,-0.009,3.133,2021
Cambodia,114,4.83,8.36,0.765,62,0.959,0.843,0.034,2.148,2021
Mozambique,115,4.794,7.158,0.744,54.706,0.882,0.684,0.061,2.783,2021
Nigeria,116,4.759,8.533,0.74,50.102,0.737,0.878,0.037,2.736,2021
Mali,117,4.723,7.744,0.724,51.969,0.697,0.827,-0.036,3.016,2021
Iran,118,4.721,9.584,0.71,66.3,0.608,0.714,0.218,1.823,2021
Uganda,119,4.636,7.677,0.781,56.101,0.709,0.855,0.122,2.596,2021
Liberia,120,4.625,7.288,0.72,56.498,0.735,0.85,0.05,2.857,2021
Kenya,121,4.607,8.361,0.688,60.704,0.779,0.825,0.287,2.18,2021
Tunisia,122,4.596,9.266,0.691,67.201,0.656,0.87,-0.201,2.138,2021
Lebanon,123,4.584,9.626,0.848,67.355,0.525,0.898,-0.073,1.736,2021
Namibia,124,4.574,9.161,0.818,56.799,0.719,0.847,-0.149,2.068,2021
Palestinian Territories,125,4.517,8.485,0.826,62.25,0.653,0.821,-0.163,2.131,2021
Myanmar,126,4.426,8.541,0.779,59.302,0.876,0.66,0.509,1.407,2021
Jordan,127,4.395,9.182,0.767,67,0.755,0.705,-0.167,1.553,2021
Chad,128,4.355,7.364,0.619,48.478,0.579,0.807,0.041,3.209,2021
Sri Lanka,129,4.325,9.47,0.827,67.299,0.841,0.863,0.079,1.075,2021
Swaziland,130,4.308,9.065,0.77,50.833,0.647,0.708,-0.185,2.155,2021
Comoros,131,4.289,8.031,0.626,57.349,0.548,0.781,0.082,2.61,2021
Egypt,132,4.283,9.367,0.75,61.998,0.749,0.795,-0.182,1.648,2021
Ethiopia,133,4.275,7.694,0.764,59,0.752,0.761,0.082,2.089,2021
Mauritania,134,4.227,8.542,0.795,57.161,0.561,0.731,-0.106,2.069,2021
Madagascar,135,4.208,7.396,0.686,59.305,0.552,0.803,-0.005,2.62,2021
Togo,136,4.107,7.362,0.569,54.914,0.619,0.772,0.032,2.806,2021
Zambia,137,4.073,8.145,0.708,55.809,0.782,0.823,0.061,1.975,2021
Sierra Leone,138,3.849,7.434,0.63,51.651,0.717,0.866,0.084,2.396,2021
India,139,3.819,8.755,0.603,60.633,0.893,0.774,0.089,1.405,2021
Burundi,140,3.775,6.635,0.49,53.4,0.626,0.607,-0.024,2.876,2021
Yemen,141,3.658,7.578,0.832,57.122,0.602,0.8,-0.147,1.776,2021
Tanzania,142,3.623,7.876,0.702,57.999,0.833,0.577,0.183,1.263,2021
Haiti,143,3.615,7.477,0.54,55.7,0.593,0.721,0.422,2.06,2021
Malawi,144,3.6,6.958,0.537,57.948,0.78,0.729,0.038,2.19,2021
Lesotho,145,3.512,7.926,0.787,48.7,0.715,0.915,-0.131,1.8,2021
Botswana,146,3.467,9.782,0.784,59.269,0.824,0.801,-0.246,0.648,2021
Rwanda,147,3.415,7.676,0.552,61.4,0.897,0.167,0.061,1.095,2021
Zimbabwe,148,3.145,7.943,0.75,56.201,0.677,0.821,-0.047,1.205,2021
Afghanistan,149,2.523,7.695,0.463,52.493,0.382,0.924,-0.102,1.895,2021
Finland,1,7.821,1.892,1.258,0.775,0.736,0.534,0.109,2.518,2022
Denmark,2,7.636,1.953,1.243,0.777,0.719,0.532,0.188,2.226,2022
Iceland,3,7.557,1.936,1.32,0.803,0.718,0.191,0.27,2.32,2022
Switzerland,4,7.512,2.026,1.226,0.822,0.677,0.461,0.147,2.153,2022
Netherlands,5,7.415,1.945,1.206,0.787,0.651,0.419,0.271,2.137,2022
Luxembourg*,6,7.404,2.209,1.155,0.79,0.7,0.388,0.12,2.042,2022
Sweden,7,7.384,1.92,1.204,0.803,0.724,0.512,0.218,2.003,2022
Norway,8,7.365,1.997,1.239,0.786,0.728,0.474,0.217,1.925,2022
Israel,9,7.364,1.826,1.221,0.818,0.568,0.143,0.155,2.634,2022
New Zealand,10,7.2,1.852,1.235,0.752,0.68,0.483,0.245,1.954,2022
Austria,11,7.163,1.931,1.165,0.774,0.623,0.329,0.193,2.148,2022
Australia,12,7.162,1.9,1.203,0.772,0.676,0.341,0.258,2.011,2022
Ireland,13,7.041,2.129,1.166,0.779,0.627,0.408,0.19,1.743,2022
Germany,14,7.034,1.924,1.088,0.776,0.585,0.358,0.163,2.142,2022
Canada,15,7.025,1.886,1.188,0.783,0.659,0.368,0.217,1.924,2022
United States,16,6.977,1.982,1.182,0.628,0.574,0.177,0.22,2.214,2022
United Kingdom,17,6.943,1.867,1.143,0.75,0.597,0.329,0.289,1.967,2022
Czechia,18,6.92,1.815,1.26,0.715,0.66,0.048,0.158,2.263,2022
Belgium,19,6.805,1.907,1.106,0.764,0.492,0.204,0.049,2.283,2022
France,20,6.687,1.863,1.219,0.808,0.567,0.266,0.07,1.895,2022
Bahrain,21,6.647,1.854,1.029,0.625,0.693,0.155,0.199,2.092,2022
Slovenia,22,6.63,1.81,1.249,0.769,0.685,0.115,0.118,1.885,2022
Costa Rica,23,6.582,1.584,1.054,0.744,0.661,0.102,0.089,2.346,2022
United Arab Emirates,24,6.576,1.998,0.98,0.633,0.702,0.25,0.204,1.809,2022
Saudi Arabia,25,6.523,1.87,1.092,0.577,0.651,0.18,0.078,2.075,2022
Taiwan Province of China,26,6.512,1.897,1.095,0.733,0.542,0.168,0.075,2.002,2022
Singapore,27,6.48,2.149,1.127,0.851,0.672,0.587,0.163,0.932,2022
Romania,28,6.477,1.719,1.006,0.655,0.605,0.006,0.039,2.446,2022
Spain,29,6.476,1.808,1.211,0.808,0.505,0.149,0.101,1.893,2022
Uruguay,30,6.474,1.615,1.18,0.672,0.665,0.265,0.103,1.974,2022
Italy,31,6.467,1.834,1.052,0.801,0.412,0.059,0.085,2.222,2022
Kosovo,32,6.455,1.362,0.949,0.569,0.599,0.035,0.309,2.631,2022
Malta,33,6.447,1.838,1.169,0.789,0.679,0.166,0.174,1.631,2022
Lithuania,34,6.446,1.804,1.204,0.659,0.496,0.077,0.053,2.153,2022
Slovakia,35,6.391,1.736,1.232,0.707,0.479,0.025,0.118,2.094,2022
Estonia,36,6.341,1.793,1.232,0.728,0.689,0.333,0.123,1.442,2022
Panama,37,6.309,1.715,1.107,0.709,0.592,0.051,0.049,2.086,2022
Brazil,38,6.293,1.462,1.044,0.615,0.546,0.134,0.131,2.361,2022
Guatemala*,39,6.262,1.274,0.831,0.522,0.662,0.115,0.112,2.746,2022
Kazakhstan,40,6.234,1.668,1.22,0.611,0.584,0.157,0.134,1.86,2022
Cyprus,41,6.221,1.815,0.909,0.819,0.448,0.062,0.123,2.044,2022
Latvia,42,6.18,1.732,1.221,0.637,0.502,0.09,0.075,1.923,2022
Serbia,43,6.178,1.55,1.086,0.658,0.546,0.088,0.219,2.031,2022
Chile,44,6.172,1.651,1.08,0.748,0.46,0.069,0.124,2.04,2022
Nicaragua,45,6.165,1.105,1.029,0.617,0.617,0.212,0.168,2.418,2022
Mexico,46,6.128,1.552,0.886,0.623,0.621,0.115,0.092,2.239,2022
Croatia,47,6.125,1.705,1.183,0.709,0.535,0,0.109,1.884,2022
Poland,48,6.123,1.758,1.174,0.712,0.523,0.14,0.124,1.693,2022
El Salvador,49,6.12,1.265,0.768,0.607,0.666,0.212,0.089,2.514,2022
Kuwait*,50,6.106,1.904,0.983,0.747,0.617,0.147,0.087,1.621,2022
Hungary,51,6.086,1.748,1.233,0.668,0.485,0.064,0.078,1.812,2022
Mauritius,52,6.071,1.591,1.116,0.568,0.589,0.107,0.131,1.969,2022
Uzbekistan,53,6.063,1.219,1.092,0.6,0.716,0.24,0.283,1.913,2022
Japan,54,6.039,1.835,1.089,0.866,0.537,0.218,0.007,1.487,2022
Honduras,55,6.022,1.111,0.885,0.555,0.582,0.076,0.202,2.611,2022
Portugal,56,6.016,1.76,1.078,0.777,0.655,0.039,0.016,1.691,2022
Argentina,57,5.967,1.592,1.102,0.662,0.555,0.085,0.081,1.891,2022
Greece,58,5.948,1.703,0.98,0.774,0.249,0.108,0.015,2.119,2022
South Korea,59,5.935,1.851,0.886,0.841,0.414,0.176,0.111,1.656,2022
Philippines,60,5.904,1.268,0.912,0.514,0.678,0.142,0.107,2.283,2022
Thailand,61,5.891,1.535,1.096,0.697,0.617,0.026,0.321,1.6,2022
Moldova,62,5.857,1.417,1.008,0.597,0.561,0.028,0.102,2.142,2022
Jamaica,63,5.85,1.296,1.045,0.646,0.567,0.053,0.08,2.164,2022
Kyrgyzstan,64,5.828,1.069,1.109,0.638,0.693,0.025,0.208,2.087,2022
Belarus*,65,5.821,1.562,1.157,0.629,0.342,0.282,0.04,1.811,2022
Colombia,66,5.781,1.452,0.929,0.72,0.545,0.077,0.087,1.971,2022
Bosnia and Herzegovina,67,5.768,1.468,1.068,0.665,0.448,0.006,0.244,1.869,2022
Mongolia,68,5.761,1.393,1.197,0.467,0.398,0.059,0.247,1.999,2022
Dominican Republic,69,5.737,1.538,1.003,0.577,0.606,0.179,0.084,1.751,2022
Malaysia,70,5.711,1.689,0.938,0.62,0.654,0.126,0.213,1.471,2022
Bolivia,71,5.6,1.256,0.88,0.555,0.627,0.064,0.112,2.107,2022
China,72,5.585,1.508,0.958,0.705,0.656,0.142,0.099,1.516,2022
Paraguay,73,5.578,1.409,1.13,0.624,0.629,0.059,0.171,1.555,2022
Peru,74,5.559,1.397,0.865,0.735,0.545,0.037,0.09,1.89,2022
Montenegro,75,5.547,1.573,1.023,0.659,0.46,0.077,0.135,1.619,2022
Ecuador,76,5.533,1.352,0.879,0.708,0.565,0.083,0.08,1.866,2022
Vietnam,77,5.485,1.252,0.932,0.611,0.707,0.105,0.143,1.735,2022
Turkmenistan*,78,5.474,1.484,1.319,0.516,0.649,0.032,0.314,1.16,2022
North Cyprus*,79,5.467,1.815,0.888,0.819,0.523,0.213,0.13,1.078,2022
Russia,80,5.459,1.685,1.095,0.586,0.401,0.08,0.117,1.494,2022
Hong Kong S.A.R. of China,81,5.425,1.957,0.954,0.942,0.4,0.383,0.147,0.642,2022
Armenia,82,5.399,1.434,0.82,0.668,0.558,0.21,0.054,1.654,2022
Tajikistan,83,5.377,0.966,1.005,0.518,0.572,0.304,0.118,1.895,2022
Nepal,84,5.377,0.984,0.784,0.499,0.519,0.13,0.237,2.224,2022
Bulgaria,85,5.371,1.625,1.163,0.64,0.563,0.021,0.123,1.235,2022
Libya*,86,5.33,1.476,0.943,0.606,0.477,0.179,0.106,1.544,2022
Indonesia,87,5.24,1.382,0.883,0.539,0.62,0.047,0.468,1.3,2022
Ivory Coast,88,5.235,1.094,0.442,0.322,0.451,0.124,0.149,2.652,2022
North Macedonia,89,5.199,1.505,0.863,0.637,0.488,0.031,0.215,1.461,2022
Albania,90,5.199,1.439,0.646,0.719,0.511,0.028,0.138,1.718,2022
South Africa,91,5.194,1.425,1.088,0.361,0.442,0.046,0.089,1.742,2022
Azerbaijan*,92,5.173,1.458,1.093,0.56,0.601,0.341,0.023,1.098,2022
Gambia*,93,5.164,0.785,0.621,0.369,0.367,0.103,0.388,2.531,2022
Bangladesh,94,5.155,1.06,0.614,0.581,0.622,0.187,0.125,1.967,2022
Laos,95,5.14,1.239,0.654,0.479,0.679,0.184,0.197,1.709,2022
Algeria,96,5.122,1.363,0.97,0.643,0.146,0.15,0.106,1.744,2022
Liberia*,97,5.122,0.636,0.67,0.309,0.405,0.08,0.178,2.844,2022
Ukraine,98,5.084,1.411,1.081,0.583,0.473,0.017,0.188,1.331,2022
Congo,99,5.075,0.95,0.405,0.355,0.431,0.146,0.13,2.658,2022
Morocco,100,5.06,1.208,0.268,0.565,0.492,0.102,0.02,2.405,2022
Mozambique,101,5.048,0.578,0.66,0.191,0.593,0.2,0.185,2.641,2022
Cameroon,102,5.048,0.968,0.672,0.317,0.397,0.074,0.152,2.469,2022
Senegal,103,5.046,0.933,0.53,0.447,0.494,0.081,0.143,2.419,2022
Niger*,104,5.003,0.57,0.56,0.326,0.571,0.145,0.165,2.667,2022
Georgia,105,4.973,1.467,0.612,0.595,0.508,0.208,0,1.583,2022
Gabon,106,4.958,1.459,0.738,0.396,0.343,0.099,0.032,1.892,2022
Iraq,107,4.941,1.289,0.682,0.554,0.328,0.046,0.147,1.894,2022
Venezuela,108,4.925,0,0.968,0.578,0.283,0.082,0.225,2.79,2022
Guinea,109,4.891,0.848,0.566,0.275,0.334,0.116,0.214,2.538,2022
Iran,110,4.888,1.41,0.741,0.642,0.281,0.146,0.241,1.427,2022
Ghana,111,4.872,1.112,0.595,0.409,0.5,0.056,0.23,1.972,2022
Turkey,112,4.744,1.707,0.865,0.702,0.209,0.115,0.087,1.059,2022
Burkina Faso,113,4.67,0.779,0.565,0.32,0.382,0.126,0.186,2.313,2022
Cambodia,114,4.64,1.019,0.732,0.505,0.74,0.068,0.166,1.41,2022
Benin,115,4.623,0.932,0.064,0.335,0.479,0.23,0.127,2.458,2022
Comoros*,116,4.609,0.899,0.476,0.424,0.185,0.125,0.195,2.304,2022
Uganda,117,4.603,0.777,0.875,0.418,0.402,0.066,0.222,1.842,2022
Nigeria,118,4.552,1.079,0.732,0.3,0.444,0.038,0.175,1.784,2022
Kenya,119,4.543,1.032,0.605,0.401,0.44,0.082,0.322,1.661,2022
Tunisia,120,4.516,1.35,0.596,0.656,0.316,0.029,0.029,1.54,2022
Pakistan,121,4.516,1.049,0.413,0.374,0.448,0.112,0.181,1.94,2022
Palestinian Territories*,122,4.483,1.148,0.957,0.521,0.336,0.079,0.073,1.368,2022
Mali,123,4.479,0.792,0.483,0.311,0.35,0.042,0.128,2.373,2022
Namibia,124,4.459,1.292,0.877,0.354,0.384,0.071,0.067,1.414,2022
"Eswatini, Kingdom of*",125,4.396,1.274,0.786,0.197,0.259,0.154,0.038,1.688,2022
Myanmar,126,4.394,1.038,0.829,0.491,0.513,0.194,0.452,0.877,2022
Sri Lanka,127,4.362,1.415,0.934,0.66,0.529,0.079,0.15,0.595,2022
Madagascar*,128,4.339,0.67,0.645,0.378,0.202,0.154,0.143,2.148,2022
Egypt,129,4.288,1.388,0.732,0.548,0.469,0.254,0.041,0.856,2022
Chad*,130,4.251,0.662,0.506,0.225,0.18,0.077,0.182,2.419,2022
Ethiopia,131,4.241,0.788,0.809,0.457,0.472,0.136,0.205,1.375,2022
Yemen*,132,4.197,0.691,1.043,0.384,0.33,0.098,0.09,1.561,2022
Mauritania*,133,4.153,1.1,0.865,0.45,0.304,0.138,0.088,1.207,2022
Jordan,134,4.152,1.324,0.724,0.675,0.476,0.2,0.058,0.695,2022
Togo,135,4.112,0.771,0.322,0.36,0.292,0.132,0.174,2.061,2022
India,136,3.777,1.167,0.376,0.471,0.647,0.123,0.198,0.795,2022
Zambia,137,3.76,0.93,0.577,0.306,0.525,0.083,0.203,1.135,2022
Malawi,138,3.75,0.648,0.279,0.388,0.477,0.157,0.14,1.661,2022
Tanzania,139,3.702,0.848,0.597,0.425,0.578,0.27,0.248,0.735,2022
Sierra Leone,140,3.574,0.686,0.416,0.273,0.387,0.055,0.202,1.556,2022
Lesotho*,141,3.512,0.839,0.848,0,0.419,0.018,0.076,1.312,2022
Botswana*,142,3.471,1.503,0.815,0.28,0.571,0.102,0.012,0.187,2022
Rwanda*,143,3.268,0.785,0.133,0.462,0.621,0.544,0.187,0.536,2022
Zimbabwe,144,2.995,0.947,0.69,0.27,0.329,0.105,0.106,0.548,2022
Lebanon,145,2.955,1.392,0.498,0.631,0.103,0.034,0.082,0.216,2022
Afghanistan,146,2.404,0.758,0,0.289,0,0.005,0.089,1.263,2022
